Series_Title,Certificate,Runtime,Genre,IMDB_Rating,Meta_score,Director,No_of_Votes,Gross,Released_date,Langunges,budget,revenue,country
Her,A,126 min,"Drama, Romance, Sci-Fi",6.0,90,Spike Jonze,540772,"$25,568,251",1/16/2014,English,"$23,000,000.00 ",48043998,AU
300,A,117 min,"Action, Drama",7.6,52,Zack Snyder,732876,"$210,614,939",4/5/2007,English,60000000,454161935,AU
21 Grams,UA,124 min,"Crime, Drama, Thriller",7.6,70,Alejandro G. I帽谩rritu,224545,"$16,290,476",1/22/2004,English,20000000,59667625,AU
25Th Hour,R,135 min,Drama,7.6,68,Spike Lee,169708,"$13,060,843",6/5/2003,English,4500000,"$25,344,490.00 ",AU
50/50,R,100 min,"Comedy, Drama, Romance",7.6,72,Jonathan Levine,315426,"$35,014,192",3/8/2012,English,8000000,41334735,AU
A Hard Day'S Night,U,87 min,"Comedy, Music, Musical",7.6,96,Richard Lester,40351,"$13,780,024",7/7/1964,English,560000,1626784,GB
A Star Is Born,UA,136 min,"Drama, Music, Romance",7.6,88,Bradley Cooper,334312,"$215,288,866",10/18/2018,English,36000000,433888866,AU
American Psycho,A,101 min,"Comedy, Crime, Drama",7.6,64,Mary Harron,490062,"$15,070,285",4/13/2000,English,8000000,34270285,AU
Apollo 13,U,140 min,"Adventure, Drama, History",7.6,77,Ron Howard,269197,"$173,837,933",8/31/1995,English,65000000,335802271,AU
Baby Driver,UA,113 min,"Action, Crime, Drama",7.6,86,Edgar Wright,439406,"$107,825,862",8/10/2017,English,34000000,226977991,AU
Blood Simple,A,99 min,"Crime, Drama, Thriller",7.6,82,Joel Coen,87745,"$2,150,000",6/27/1985,English,1500000,2730877,AU
Blow,R,124 min,"Biography, Crime, Drama",7.6,52,Ted Demme,240714,"$52,990,775",4/4/2001,English,30000000,83282296,AU
Breakfast At Tiffany'S,A,115 min,"Comedy, Drama, Romance",7.6,76,Blake Edwards,166544,"$90,485,605",2/8/1962,English,2500000,9500000,AU
Bridge Of Spies,UA,142 min,"Drama, History, Thriller",7.6,81,Steven Spielberg,287659,"$72,313,754",10/22/2015,English,40000000,162498338,AU
Close Encounters Of The Third Kind,U,138 min,"Drama, Sci-Fi",7.6,90,Steven Spielberg,184966,"$132,088,635",1/27/1978,English,"$20,000,000.00 ",340800479,AU
Creed,A,133 min,"Drama, Sport",7.6,82,Ryan Coogler,247666,"$109,767,581",11/26/2015,English,37000000,173567581,AU
Dark City,A,100 min,"Mystery, Sci-Fi, Thriller",7.6,66,Alex Proyas,187927,"$14,378,331",5/29/1998,English,27000000,27257061,AU
Dark Waters,PG-13,126 min,"Biography, Drama, History",7.6,73,Todd Haynes,60408,"$90,485,605",3/5/2020,English,835001.4,13601384,AU
Dawn Of The Planet Of The Apes,UA,130 min,"Action, Adventure, Drama",7.6,79,Matt Reeves,411599,"$208,545,589",7/9/2014,English,170000000,710644566,AU
Dazed And Confused,U,102 min,Comedy,7.6,78,Richard Linklater,165465,"$7,993,039",5/27/1994,English,6900000,7961889,AU
Delicatessen,R,99 min,"Comedy, Crime",7.6,66,Marc Caro,80487,"$1,794,187",4/17/1991,French,4000000,1794187,FR
Despicable Me,U,95 min,"Animation, Comedy, Crime",7.6,72,Pierre Coffin,500851,"$251,513,985",9/9/2010,English,69000000,543464573,AU
Die Hard: With A Vengeance,A,128 min,"Action, Adventure, Thriller",7.6,58,John McTiernan,364420,"$100,012,499",5/25/1995,English,90000000,366101666,AU
Eastern Promises,R,100 min,"Action, Crime, Drama",7.6,82,David Cronenberg,227760,"$17,114,882",10/24/2007,English,50000000,56077088,AU
End Of Watch,A,109 min,"Action, Crime, Drama",7.6,68,David Ayer,228132,"$41,003,371",11/1/2012,English,15000000,57586606,AU
Enemy At The Gates,A,131 min,"Drama, History, War",7.6,53,Jean-Jacques Annaud,243729,"$51,401,758",7/26/2001,English,85000000,96971293,AU
Escape From Alcatraz,A,112 min,"Action, Biography, Crime",7.6,76,Don Siegel,121731,"$43,000,000",12/6/1979,English,8000000,43000000,AU
Falling Down,R,113 min,"Action, Crime, Drama",7.6,56,Joel Schumacher,171640,"$40,903,593",3/10/1993,English,25000000,40903593,AU
Fear And Loathing In Las Vegas,R,118 min,"Adventure, Comedy, Drama",7.6,41,Terry Gilliam,259753,"$10,680,275",7/16/1998,English,18500000,13711903,AU
Finding Neverland,U,106 min,"Biography, Drama, Family",7.6,67,Marc Forster,198677,"$51,680,613",11/11/2004,English,25000000,115036108,US
From Here To Eternity,Passed,118 min,"Drama, Romance, War",7.6,85,Fred Zinnemann,43374,"$30,500,000",10/18/2001,English,"$1,650,000.00 ",30500000,AU
Funny Games,A,108 min,"Crime, Drama, Thriller",7.6,69,Michael Haneke,65058,"$90,485,605",9/11/2008,English,15000000,"$8,200,127.00 ",AU
Giant,G,201 min,"Drama, Western",7.6,84,George Stevens,34075,"$90,485,605",6/6/1957,English,5400000,32855818,AU
Gifted,PG-13,101 min,Drama,7.6,60,Marc Webb,99643,"$24,801,212",8/10/2017,English,7000000,36964656,AU
Gone Baby Gone,R,114 min,"Crime, Drama, Mystery",7.6,72,Ben Affleck,250590,"$20,300,218",9/18/2007,English,19000000,34359030,AU
Guardians Of The Galaxy Vol. 2,UA,136 min,"Action, Adventure, Comedy",7.6,67,James Gunn,569974,"$389,813,101",4/25/2017,English,200000000,863756051,AU
Harry Potter And The Half-Blood Prince,UA,153 min,"Action, Adventure, Family",7.6,78,David Yates,474827,"$301,959,197",7/15/2009,English,250000000,929411069,AU
Hell Or High Water,R,102 min,"Action, Crime, Drama",7.6,88,David Mackenzie,204175,"$26,862,450",8/13/2016,English,12000000,37566117,AU
Incredibles 2,UA,118 min,"Animation, Action, Adventure",7.6,80,Brad Bird,250057,"$608,581,744",6/14/2018,English,200000000,1242805359,AU
Inside Man,R,129 min,"Crime, Drama, Mystery",7.6,76,Spike Lee,339757,"$88,513,495",3/30/2006,English,50000000,185798265,AU
Just Mercy,A,137 min,"Biography, Crime, Drama",7.6,68,Destin Daniel Cretton,46739,"$90,485,605",1/23/2020,English,25000000,50394773,AU
Kelly'S Heroes,GP,144 min,"Adventure, Comedy, War",7.6,50,Brian G. Hutton,45338,"$1,378,435",9/10/1970,English,4000000,5200000,AU
Kick-Ass,UA,117 min,"Action, Comedy, Crime",7.6,66,Matthew Vaughn,524081,"$48,071,303",4/8/2010,English,28000000,97531134,AU
Lethal Weapon,A,109 min,"Action, Crime, Thriller",7.6,68,Richard Donner,236894,"$65,207,127",5/28/1987,English,15000000,120192350,AU
Lord Of War,R,122 min,"Action, Crime, Drama",7.6,62,Andrew Niccol,294140,"$24,149,632",2/2/2006,English,42000000,60437727,AU
Lost Highway,A,134 min,"Mystery, Thriller",7.6,52,David Lynch,131101,"$3,796,699",3/27/1997,English,15000000,3756869,AU
Mad Max 2,A,96 min,"Action, Adventure, Sci-Fi",7.6,77,George Miller,166588,"$12,465,371",12/24/1981,English,2000000,24600832,AU
Match Point,R,124 min,"Drama, Romance, Thriller",7.6,72,Woody Allen,206294,"$23,089,926",3/2/2006,English,15000000,87950928,AU
Midnight Express,A,121 min,"Biography, Crime, Drama",7.6,59,Alan Parker,73662,"$35,000,000",12/7/1978,English,2300000,35000000,AU
Minority Report,A,145 min,"Action, Crime, Mystery",7.6,80,Steven Spielberg,508417,"$132,072,926",6/20/2002,English,102000000,358824714,AU
Moana,U,107 min,"Animation, Adventure, Comedy",7.6,81,Ron Clements,272784,"$248,757,044",12/26/2016,English,150000000,630626714,AU
Moneyball,PG-13,133 min,"Biography, Drama, Sport",7.6,87,Bennett Miller,369529,"$75,605,492",9/23/2011,English,50000000,111300835,AU
Mulan,U,88 min,"Animation, Adventure, Family",7.6,71,Tony Bancroft,256906,"$120,620,254",9/3/1998,English,200000000,69973540,AU
My Cousin Vinny,UA,120 min,"Comedy, Crime",7.6,68,Jonathan Lynn,107325,"$52,929,168",5/21/1992,English,11000000,52929168,AU
Mysterious Skin,R,105 min,Drama,7.6,73,Gregg Araki,65939,"$697,181",5/6/2005,English,5389600,1524966,US
Only The Brave,UA,134 min,"Action, Biography, Drama",7.6,72,Joseph Kosinski,58371,"$18,340,051",9/22/2017,English,38000000,24555177,AU
Philomena,PG-13,98 min,"Biography, Comedy, Drama",7.6,77,Stephen Frears,94212,"$37,707,719",12/24/2013,English,12000000,98963392,AU
Saw,UA,103 min,"Horror, Mystery, Thriller",7.6,46,James Wan,379020,"$56,000,369",12/2/2004,English,1200000,103880027,AU
Searching,U/A,102 min,"Drama, Mystery, Thriller",7.6,71,Aneesh Chaganty,140840,"$26,020,957",9/13/2018,English,880000,75636047,AU
Sense And Sensibility,U,136 min,"Drama, Romance",7.6,84,Ang Lee,102598,"$43,182,776",1/23/1996,English,16500000,134993774,AU
Seven Pounds,UA,123 min,Drama,7.6,36,Gabriele Muccino,286770,"$69,951,824",1/8/2009,English,54000000,166617328,AU
Sherlock Holmes,PG-13,128 min,"Action, Adventure, Mystery",7.6,57,Guy Ritchie,583158,"$209,028,679",12/26/2009,English,90000000,498438212,AU
Sicario,A,121 min,"Action, Crime, Drama",7.6,82,Denis Villeneuve,371291,"$46,889,293",9/24/2015,English,30000000,84264182,AU
Sleepers,UA,147 min,"Crime, Drama, Thriller",7.6,49,Barry Levinson,186734,"$49,100,000",1/3/1997,English,44000000,165600852,AU
Stardust,U,127 min,"Adventure, Family, Fantasy",7.6,66,Matthew Vaughn,255036,"$38,634,938",10/19/2007,English,70000000,137022245,AU
The Blind Side,UA,129 min,"Biography, Drama, Sport",7.6,53,John Lee Hancock,293266,"$255,959,475",2/25/2010,English,35000000,305705794,AU
The Bridges Of Madison County,A,135 min,"Drama, Romance",7.6,69,Clint Eastwood,73172,"$71,516,617",9/28/1995,English,22000000,175516617,AU
The Butterfly Effect,U,113 min,"Drama, Sci-Fi, Thriller",7.6,30,Eric Bress,451479,"$57,938,693",3/11/2004,English,13000000,95638592,AU
The Florida Project,A,111 min,Drama,7.6,92,Sean Baker,95181,"$5,904,366",12/21/2017,English,2000000,11275645,AU
The Hurricane,R,146 min,"Biography, Drama, Sport",7.6,74,Norman Jewison,91557,"$50,668,906",3/16/2000,English,38000000,73956241,AU
The Illusionist,U,110 min,"Drama, Fantasy, Mystery",7.6,68,Neil Burger,354728,"$39,868,642",1/13/2012,French,16500000,83792062,AU
The Little Mermaid,U,83 min,"Animation, Family, Fantasy",7.6,88,Ron Clements,237696,"$111,543,479",7/5/1990,English,40000000,211343479,AU
The Muppet Movie,U,95 min,"Adventure, Comedy, Family",7.6,74,James Frawley,32802,"$76,657,000",7/1/1979,English,8000000,76657000,AU
The Naked Gun: From The Files Of Police Squad!,U,85 min,"Comedy, Crime",7.6,76,David Zucker,152871,"$78,756,177",3/9/1989,English,12000000,78756177,AU
The Others,PG-13,101 min,"Horror, Mystery, Thriller",7.6,74,Alejandro Amen谩bar,337651,"$96,522,687",11/8/2001,English,17000000,207765056,AU
The Peanut Butter Falcon,PG-13,97 min,"Adventure, Comedy, Drama",7.6,70,Tyler Nilson,66346,"$13,122,642",10/1/2019,English,6200000,23191551,AU
The Royal Tenenbaums,A,110 min,"Comedy, Drama",7.6,76,Wes Anderson,266842,"$52,364,010",3/14/2002,English,28000000,71430876,AU
The Secret Of Kells,N/A,71 min,"Animation, Adventure, Family",7.6,81,Tomm Moore,31779,"$686,383",3/3/2009,English,8000000,3582797,IE
The Thin Red Line,A,170 min,"Drama, War",7.6,78,Terrence Malick,172710,"$36,400,491",1/14/1999,English,52000000,97709034,CA
The Visitor,PG-13,104 min,Drama,7.6,79,Tom McCarthy,41544,"$9,422,422",10/7/2022,English,4000000,19174817,US
The Warriors,UA,92 min,"Action, Crime, Thriller",7.6,65,Walter Hill,93878,"$22,490,039",2/9/1979,English,4000000,22490039,US
True Grit,PG-13,110 min,"Drama, Western",7.6,80,Ethan Coen,311822,"$171,243,005",1/26/2011,English,35000000,252276928,AU
Victoria,N/A,138 min,"Crime, Drama, Romance",7.6,77,Sebastian Schipper,52903,"$90,485,605",6/11/2015,German,25771333.2,3191971,DE
Watchmen,A,162 min,"Action, Drama, Mystery",7.6,56,Zack Snyder,500799,"$107,509,799",3/5/2009,English,138000000,186976250,AU
When Harry Met Sally...,UA,95 min,"Comedy, Drama, Romance",7.6,76,Rob Reiner,195663,"$92,823,600",10/18/1989,English,16000000,92823546,AU
Y Tu Mam TambiN,A,106 min,Drama,7.6,88,Alfonso Cuar贸n,115827,"$13,622,333",6/8/2001,"Spanish, Castilian",5000000,33649881,MX
Zombieland,A,88 min,"Adventure, Comedy, Fantasy",7.6,73,Ruben Fleischer,520041,"$75,590,286",12/3/2009,English,23600000,102236596,AU
(500) Days Of Summer,UA,95 min,"Comedy, Drama, Romance",7.7,76,Marc Webb,472242,"$32,391,374",9/17/2009,English,7500000,34515303,AU
3:10 To Yuma,A,122 min,"Action, Crime, Drama",7.7,76,James Mangold,288797,"$53,606,916",1/31/2008,English,48000000,71171825,AU
A Few Good Men,U,138 min,"Drama, Thriller",7.7,62,Rob Reiner,235388,"$141,340,178",12/17/1992,English,33000000,236500000,AU
A Little Princess,U,97 min,"Drama, Family, Fantasy",7.7,83,Alfonso Cuar贸n,32236,"$10,019,307",5/10/1995,English,17000000,10015449,US
Adaptation.,R,115 min,"Comedy, Drama",7.7,83,Spike Jonze,178565,"$22,245,861",12/26/2002,English,19000000,32801173,AU
After Hours,UA,97 min,"Comedy, Crime, Drama",7.7,90,Martin Scorsese,59635,"$10,600,000",9/13/1985,English,4500000,10609321,US
Airplane!,U,88 min,Comedy,7.7,78,Jim Abrahams,214882,"$83,400,000",12/12/1980,English,3500000,83453539,AU
Argo,A,120 min,"Biography, Drama, Thriller",7.7,86,Ben Affleck,572581,"$136,025,503",10/24/2012,English,44500000,227140757,AU
As Good As It Gets,A,139 min,"Comedy, Drama, Romance",7.7,67,James L. Brooks,275755,"$148,478,011",2/5/1998,English,50000000,314178011,AU
Barton Fink,U,116 min,"Comedy, Drama, Thriller",7.7,69,Joel Coen,113240,"$6,153,939",10/29/1991,English,9000000,6153939,AU
Beasts Of No Nation,N/A,137 min,"Drama, War",7.7,79,Cary Joji Fukunaga,73964,"$83,861",10/16/2015,English,6000000,90777,US
Being John Malkovich,R,113 min,"Comedy, Drama, Fantasy",7.7,90,Spike Jonze,312542,"$22,858,926",12/3/1999,English,13000000,32382381,AU
Belle De Jour,A,100 min,"Drama, Romance",7.7,76,Luis Bu帽uel,40274,"$26,331",5/24/1967,French,"$85,000,000.00 ",645835675.2,FR
Billy Elliot,R,110 min,"Drama, Music",7.7,74,Stephen Daldry,126770,"$21,995,263",11/2/2000,English,5000000,109252972,AU
Birdman Or (The Unexpected Virtue Of Ignorance),A,119 min,"Comedy, Drama",7.7,87,Alejandro G. I帽谩rritu,580291,"$42,340,598",1/15/2015,English,18000000,102926247,AU
Black Hawk Down,A,144 min,"Drama, History, War",7.7,74,Ridley Scott,364254,"$108,638,745",2/21/2002,English,95000000,159691085,AU
Blazing Saddles,A,93 min,"Comedy, Western",7.7,73,Mel Brooks,125993,"$119,500,000",2/7/1974,English,2600000,119500000,AU
Blue Velvet,A,120 min,"Drama, Mystery, Thriller",7.7,76,David Lynch,181285,"$8,551,228",2/26/1987,English,6000000,8618766,AU
Brokeback Mountain,A,134 min,"Drama, Romance",7.7,87,Ang Lee,323103,"$83,043,761",1/26/2006,English,"$13,900,000.00 ",176980863,AU
Cape Fear,Passed,106 min,"Drama, Thriller",7.7,76,J. Lee Thompson,26457,"$90,485,605",1/9/1992,English,35000000,182291969,AU
Captain America: The Winter Soldier,UA,136 min,"Action, Adventure, Sci-Fi",7.7,70,Anthony Russo,736182,"$259,766,572",4/3/2014,English,170000000,714401889,AU
Changeling,R,141 min,"Biography, Crime, Drama",7.7,63,Clint Eastwood,239203,"$35,739,802",11/7/2008,English,55000000,113805580,AU
Clerks,R,92 min,Comedy,7.7,70,Kevin Smith,211450,"$3,151,130",1/17/1995,English,27000,3894240,AU
Control,R,122 min,"Biography, Drama, Music",7.7,78,Anton Corbijn,61609,"$871,577",9/23/2022,English,6400000,8902141,US
Coraline,U,100 min,"Animation, Drama, Family",7.7,80,Henry Selick,197761,"$75,286,229",8/6/2009,English,60000000,126037057,AU
Crash,UA,112 min,"Crime, Drama, Thriller",7.7,66,Paul Haggis,419483,"$54,580,300",5/12/2005,English,7303082,101173038,AU
Deadpool 2,R,119 min,"Action, Adventure, Comedy",7.7,66,David Leitch,478586,"$324,591,735",5/16/2018,English,110000000,786362370,AU
Deliverance,U,109 min,"Adventure, Drama, Thriller",7.7,80,John Boorman,98740,"$7,056,013",11/23/1972,English,2000000,46122355,AU
Detachment,N/A,98 min,Drama,7.7,52,Tony Kaye,77071,"$71,177",4/24/2011,English,5389600,"$1,681,521.00 ",AU
Dirty Harry,A,102 min,"Action, Crime, Thriller",7.7,90,Don Siegel,143292,"$35,900,000",4/27/1972,English,4000000,35976000,AU
Donnie Brasco,A,127 min,"Biography, Crime, Drama",7.7,76,Mike Newell,279318,"$41,909,762",4/10/1997,English,35000000,65303052,AU
Empire Of The Sun,U,153 min,"Action, Drama, History",7.7,62,Steven Spielberg,115677,"$22,238,696",3/10/1988,English,35000000,66700000,AU
Enter The Dragon,A,102 min,"Action, Crime, Drama",7.7,83,Robert Clouse,96561,"$25,000,000",11/1/1973,English,10000000,21485066,AU
Ex Machina,UA,108 min,"Drama, Sci-Fi, Thriller",7.7,78,Alex Garland,474141,"$25,442,958",5/7/2015,English,"$13,000,000.00 ",38298841,AU
Fantasia,G,125 min,"Animation, Family, Fantasy",7.7,96,James Algar,88662,"$76,408,097",8/15/1941,English,2280000,83320832,AU
First Blood,A,93 min,"Action, Adventure",7.7,61,Ted Kotcheff,226541,"$47,212,904",12/3/1982,English,14000000,125212904,AU
Flipped,PG,90 min,"Comedy, Drama, Romance",7.7,45,Rob Reiner,81446,"$1,752,214",1/7/2011,English,14000000,4294635,AU
Fried Green Tomatoes,PG-13,130 min,Drama,7.7,64,Jon Avnet,66941,"$82,418,501",3/26/1992,English,11000000,"$81,204,830.00 ",AU
Get Out,R,104 min,"Horror, Mystery, Thriller",7.7,85,Jordan Peele,492851,"$176,040,665",5/4/2017,English,5000000,252297405,AU
Glengarry Glen Ross,R,100 min,"Crime, Drama, Mystery",7.7,82,James Foley,95826,"$10,725,228",2/11/1993,English,12500000,10725650,AU
God'S Own Country,N/A,104 min,"Drama, Romance",7.7,85,Francis Lee,25198,"$335,609",9/1/2017,English,"$26,225,303.80 ",2559939,GB
Goldfinger,A,110 min,"Action, Adventure, Thriller",7.7,87,Guy Hamilton,174119,"$51,081,062",1/2/1965,English,3000000,124900000,AU
Gravity,UA,91 min,"Drama, Sci-Fi, Thriller",7.7,96,Alfonso Cuar贸n,769145,"$274,092,705",10/3/2013,English,110000000,685710761,AU
Happiness,N/A,134 min,"Comedy, Drama",7.7,81,Todd Solondz,66408,"$2,807,390",3/25/1999,English,3000000,5746453,AU
Harry Potter And The Deathly Hallows: Part 1,A,146 min,"Adventure, Family, Fantasy",7.7,65,David Yates,479120,"$295,983,305",11/13/2010,English,250000000,954305868,AU
Harry Potter And The Goblet Of Fire,UA,157 min,"Adventure, Family, Fantasy",7.7,81,Mike Newell,548619,"$290,013,036",12/1/2005,English,150000000,886742787,AU
I Am Sam,PG-13,132 min,Drama,7.7,28,Jessie Nelson,142863,"$40,311,852",6/13/2002,English,22000000,92542418,AU
Invasion Of The Body Snatchers,Approved,80 min,"Drama, Horror, Sci-Fi",7.7,92,Don Siegel,44839,"$90,485,605",12/20/1978,English,3500000,24946533,US
Kingsman: The Secret Service,A,129 min,"Action, Adventure, Comedy",7.7,60,Matthew Vaughn,590440,"$128,261,724",2/5/2015,English,94000000,404561724,AU
Lost In Translation,UA,102 min,"Comedy, Drama",7.7,89,Sofia Coppola,415074,"$44,585,453",12/26/2003,English,4000000,117085297,AU
Lucky Number Slevin,R,110 min,"Action, Crime, Drama",7.7,53,Paul McGuigan,299524,"$22,494,487",11/9/2006,English,27000000,55495466,AU
Malcolm X,U,202 min,"Biography, Drama, History",7.7,73,Spike Lee,85819,"$48,169,908",3/4/1993,English,35000000,48169910,AU
Man On Fire,UA,146 min,"Action, Crime, Drama",7.7,47,Tony Scott,329592,"$77,911,774",8/5/2004,English,60000000,130968579,AU
Me And Earl And The Dying Girl,PG-13,105 min,"Comedy, Drama",7.7,74,Alfonso Gomez-Rejon,123210,"$6,743,776",9/3/2015,English,8000000,9266180,AU
Midnight In Paris,PG-13,96 min,"Comedy, Fantasy, Romance",7.7,81,Woody Allen,388089,"$56,816,662",8/31/2011,English,30000000,162275213,AU
Miller'S Crossing,R,115 min,"Crime, Drama, Thriller",7.7,66,Joel Coen,125822,"$5,080,409",2/21/1991,English,14000000,5080409,AU
Mission: Impossible - Fallout,UA,147 min,"Action, Adventure, Thriller",7.7,86,Christopher McQuarrie,291257,"$220,159,104",8/2/2018,English,178000000,791657398,AU
"O Brother, Where Art Thou?",U,107 min,"Adventure, Comedy, Crime",7.7,69,Joel Coen,286742,"$45,512,588",9/24/2000,English,26000000,75763814,AU
Ocean'S Eleven,UA,116 min,"Crime, Thriller",7.7,74,Steven Soderbergh,516372,"$183,417,150",1/10/2002,English,85000000,450728529,AU
Office Space,R,89 min,Comedy,7.7,68,Mike Judge,241575,"$10,824,921",4/15/1999,English,10000000,12179708,AU
Ordinary People,U,124 min,Drama,7.7,86,Robert Redford,47099,"$54,800,000",11/7/2018,Korean,6200000,52302978,KR
Philadelphia,UA,125 min,Drama,7.7,66,Jonathan Demme,224169,"$77,324,422",3/3/1994,English,26000000,201324422,AU
Primal Fear,A,129 min,"Crime, Drama, Mystery",7.7,47,Gregory Hoblit,189716,"$56,116,183",3/6/1996,English,30000000,102616183,AU
Ray,A,152 min,"Biography, Drama, Music",7.7,73,Taylor Hackford,138356,"$75,331,600",1/27/2005,English,40000000,124823094,AU
Rebel Without A Cause,PG-13,111 min,Drama,7.7,89,Nicholas Ray,83363,"$90,485,605",10/25/1956,English,1500000,199963,AU
Road To Perdition,A,117 min,"Crime, Drama, Thriller",7.7,72,Sam Mendes,246840,"$104,454,762",10/10/2002,English,80000000,183354514,AU
Roma,R,135 min,Drama,7.7,96,Alfonso Cuar贸n,140375,"$90,485,605",12/7/2018,"Spanish, Castilian",15000000,1903062,AU
Rushmore,UA,93 min,"Comedy, Drama, Romance",7.7,86,Wes Anderson,169229,"$17,105,219",12/11/1998,English,10000000,19080435,US
Sabrina,Passed,113 min,"Comedy, Drama, Romance",7.7,72,Billy Wilder,59415,"$90,485,605",7/12/2018,Indonesian,58000000,87100000,ID
Serpico,A,130 min,"Biography, Crime, Drama",7.7,87,Sidney Lumet,109941,"$29,800,000",6/6/1974,English,3000000,27274150,AU
Short Cuts,R,188 min,"Comedy, Drama",7.7,79,Robert Altman,42275,"$6,110,979",10/1/1993,English,23550192,6110979,US
Silver Linings Playbook,A,122 min,"Comedy, Drama, Romance",7.7,81,David O. Russell,661871,"$132,092,958",1/31/2013,English,21000000,236412453,AU
Skyfall,UA,143 min,"Action, Adventure, Thriller",7.7,81,Sam Mendes,630614,"$304,360,277",11/22/2012,English,200000000,1110526981,AU
"South Park: Bigger, Longer & Uncut",A,81 min,"Animation, Comedy, Fantasy",7.7,73,Trey Parker,192112,"$52,037,603",7/15/1999,English,21000000,52037603,AU
Star Trek Ii: The Wrath Of Khan,U,113 min,"Action, Adventure, Sci-Fi",7.7,67,Nicholas Meyer,112704,"$78,912,963",7/16/1982,English,12000000,95800000,AU
Star Trek Into Darkness,UA,132 min,"Action, Adventure, Sci-Fi",7.7,72,J.J. Abrams,463188,"$228,778,661",5/9/2013,English,190000000,467381584,AU
Tangled,U,100 min,"Animation, Adventure, Comedy",7.7,71,Nathan Greno,405922,"$200,821,936",1/6/2011,English,260000000,583777242,AU
The African Queen,PG,105 min,"Adventure, Drama, Romance",7.7,91,John Huston,71481,"$536,118",2/20/1952,English,1000000,10750000,US
The Birds,A,119 min,"Drama, Horror, Mystery",7.7,90,Alfred Hitchcock,171739,"$11,403,529",8/6/2012,English,2500000,11500000,AU
The Bourne Supremacy,A,108 min,"Action, Mystery, Thriller",7.7,73,Paul Greengrass,434841,"$176,241,941",8/26/2004,English,85000000,311001124,AU
The Day The Earth Stood Still,U,92 min,"Drama, Sci-Fi",7.7,76,Robert Wise,76315,"$90,485,605",12/17/2008,English,80000000,237370350,AU
The Dirty Dozen,N/A,150 min,"Action, Adventure, War",7.7,73,Robert Aldrich,67183,"$45,300,000",10/21/1967,English,5400000,45300000,AU
The Fault In Our Stars,UA,126 min,"Drama, Romance",7.7,69,Josh Boone,344312,"$124,872,350",6/5/2014,English,12000000,307166834,AU
The Fifth Element,UA,126 min,"Action, Adventure, Sci-Fi",7.7,52,Luc Besson,434125,"$63,540,020",5/15/1997,English,95000000,263892820,AU
The French Connection,A,104 min,"Action, Crime, Drama",7.7,94,William Friedkin,110075,"$15,630,710",3/9/1972,English,2200000,41159421,AU
The Hangover,UA,100 min,Comedy,7.7,73,Todd Phillips,717559,"$277,322,503",6/11/2009,English,35000000,465487583,AU
The Invisible Man,TV-PG,71 min,"Horror, Sci-Fi",7.7,87,James Whale,30683,"$90,485,605",2/27/2020,English,7000000,139011965,AU
The Last Emperor,U,163 min,"Biography, Drama, History",7.7,76,Bernardo Bertolucci,94326,"$43,984,230",11/26/1987,English,25000000,44005435,AU
The Last King Of Scotland,R,123 min,"Biography, Drama, History",7.7,74,Kevin Macdonald,175355,"$17,605,861",2/1/2007,English,6000000,49155371,AU
The Last Of The Mohicans,UA,112 min,"Action, Adventure, Drama",7.7,76,Michael Mann,150409,"$75,505,856",3/4/1993,English,40000000,75505856,AU
The Last Samurai,UA,154 min,"Action, Drama",7.7,55,Edward Zwick,400049,"$111,110,575",1/15/2004,English,140000000,456810575,AU
The Lego Movie,U,100 min,"Animation, Action, Adventure",7.7,83,Christopher Miller,323982,"$257,760,692",4/3/2014,English,60000000,468084718,AU
The Machinist,R,101 min,"Drama, Thriller",7.7,61,Brad Anderson,358432,"$1,082,715",6/2/2005,English,5000000,8655397,AU
The Magnificent Seven,Approved,128 min,"Action, Adventure, Western",7.7,74,John Sturges,87719,"$4,905,000",9/29/2016,English,90000000,162122642,AU
The Muppet Christmas Carol,G,85 min,"Comedy, Drama, Family",7.7,64,Brian Henson,50298,"$27,281,507",12/11/1992,English,12000000,31724550,AU
The Social Network,UA,120 min,"Biography, Drama",7.7,95,David Fincher,624982,"$96,962,694",10/28/2010,English,40000000,224922135,AU
The Theory Of Everything,U,123 min,"Biography, Drama, Romance",7.7,72,James Marsh,404182,"$35,893,537",1/29/2015,English,15000000,123327692,AU
Training Day,A,122 min,"Crime, Drama, Thriller",7.7,69,Antoine Fuqua,390247,"$76,631,907",11/15/2001,English,45000000,104505352,AU
Vampire Hunter D: Bloodlust,U,103 min,"Animation, Action, Fantasy",7.7,62,Yoshiaki Kawajiri,29210,"$151,086",8/25/2000,Japanese,7237504.6,151086,AU
What We Do In The Shadows,R,86 min,"Comedy, Horror",7.7,76,Jemaine Clement,157498,"$3,333,000",9/4/2014,English,1600000,6263224,AU
Where Eagles Dare,U,158 min,"Action, Adventure, War",7.7,63,Brian G. Hutton,51913,"$90,485,605",12/4/1968,English,7700000,21000000,AU
Who Framed Roger Rabbit,U,104 min,"Animation, Adventure, Comedy",7.7,83,Robert Zemeckis,182009,"$156,452,370",7/12/1988,English,70000000,329803958,AU
Wind River,R,107 min,"Crime, Drama, Mystery",7.7,73,Taylor Sheridan,205444,"$33,800,859",8/10/2017,English,11000000,44984979,AU
Wreck-It Ralph,U,101 min,"Animation, Adventure, Comedy",7.7,72,Rich Moore,380195,"$189,422,889",12/26/2012,English,165000000,496511521,AU
Zodiac,UA,157 min,"Crime, Drama, Mystery",7.7,78,David Fincher,466080,"$33,080,084",5/17/2007,English,85000000,83080084,AU
Zulu,U,138 min,"Drama, History, War",7.7,77,Cy Endfield,35999,"$90,485,605",8/20/1964,English,16000000,1844228,AU
A Bronx Tale,R,121 min,"Crime, Drama, Romance",7.8,80,Robert De Niro,128171,"$17,266,971",5/20/1994,English,10000000,17287898,AU
About Time,R,123 min,"Comedy, Drama, Fantasy",7.8,55,Richard Curtis,303032,"$15,322,921",10/17/2013,English,12000000,84959034,AU
American Gangster,A,157 min,"Biography, Crime, Drama",7.8,76,Ridley Scott,392449,"$130,164,645",1/9/2008,English,100000000,267985456,AU
Apocalypto,A,139 min,"Action, Adventure, Drama",7.8,68,Mel Gibson,291018,"$50,866,635",12/7/2006,English,40000000,121032272,AU
Atonement,R,123 min,"Drama, Mystery, Romance",7.8,85,Joe Wright,251370,"$50,927,067",12/26/2007,English,30000000,129779728,AU
Avatar,UA,162 min,"Action, Adventure, Fantasy",7.8,83,James Cameron,1118998,"$760,507,625",12/17/2009,English,237000000,2923706026,AU
Awakenings,U,121 min,"Biography, Drama",7.8,74,Penny Marshall,125276,"$52,096,475",3/14/1991,English,29000000,51636504,AU
Back To The Future Part Ii,U,108 min,"Adventure, Comedy, Sci-Fi",7.8,57,Robert Zemeckis,481918,"$118,500,000",12/7/1989,English,40000000,331971868,AU
Batman: Mask Of The Phantasm,PG,76 min,"Animation, Action, Crime",7.8,76,Kevin Altieri,43690,"$5,617,391",4/28/1994,English,6000000,5617391,AU
Big Hero 6,U,102 min,"Animation, Action, Adventure",7.8,74,Don Hall,410983,"$222,527,828",12/25/2014,English,165000000,647263005,AU
Bonnie And Clyde,A,111 min,"Action, Biography, Crime",7.8,86,Arthur Penn,102415,"$90,485,605",12/19/1967,English,2500000,50700128,AU
Boyz N The Hood,A,112 min,"Crime, Drama",7.8,76,John Singleton,126082,"$57,504,069",11/12/1991,English,6500000,56215095,AU
Bringing Up Baby,Passed,102 min,"Comedy, Family, Romance",7.8,91,Howard Hawks,55163,"$90,485,605",2/18/1938,English,1073000,70509954.8,US
Cabaret,A,124 min,"Drama, Music, Musical",7.8,80,Bob Fosse,48334,"$42,765,000",2/13/1972,English,6000000,140243886.4,US
Captain America: Civil War,UA,147 min,"Action, Adventure, Sci-Fi",7.8,75,Anthony Russo,663649,"$408,084,349",4/28/2016,English,250000000,1151899586,AU
Captain Phillips,UA,134 min,"Adventure, Biography, Crime",7.8,82,Paul Greengrass,421244,"$107,100,855",10/10/2013,English,55000000,220648184,AU
Cast Away,UA,143 min,"Adventure, Drama, Romance",7.8,73,Robert Zemeckis,524235,"$233,632,142",1/18/2001,English,85000000,427230516,AU
Drive,A,100 min,"Crime, Drama",7.8,78,Nicolas Winding Refn,571571,"$35,061,555",10/26/2011,English,15000000,81357930,AU
Duck Soup,N/A,69 min,"Comedy, Musical, War",7.8,93,Leo McCarey,55581,"$90,485,605",2/22/1993,English,138000000,590317034.4,AU
Dunkirk,UA,106 min,"Action, Drama, History",7.8,94,Christopher Nolan,555092,"$188,373,161",7/20/2017,English,150000000,512390011,AU
E.T. The Extra-Terrestrial,U,115 min,"Family, Sci-Fi",7.8,91,Steven Spielberg,372490,"$435,110,554",11/26/1982,English,10500000,797103542,AU
Evil Dead Ii,A,84 min,"Action, Comedy, Fantasy",7.8,72,Sam Raimi,148359,"$5,923,044",11/5/1987,English,3500000,5927557,AU
Ferris Bueller'S Day Off,U,103 min,Comedy,7.8,61,John Hughes,321382,"$70,136,369",8/21/1986,English,6000000,70136369,AU
Frankenstein,Passed,70 min,"Drama, Horror, Sci-Fi",7.8,91,James Whale,65341,"$90,485,605",11/19/1931,English,45000000,112006296,US
Gattaca,UA,106 min,"Drama, Sci-Fi, Thriller",7.8,64,Andrew Niccol,280845,"$12,339,633",11/6/1997,English,36000000,12532777,AU
Ghostbusters,UA,105 min,"Action, Comedy, Fantasy",7.8,71,Ivan Reitman,355413,"$238,632,124",7/14/2016,English,144000000,229008658,AU
Glory,R,122 min,"Biography, Drama, History",7.8,78,Edward Zwick,122779,"$26,830,000",3/1/1990,English,18000000,26828365,AU
Guess Who'S Coming To Dinner,N/A,108 min,"Comedy, Drama",7.8,63,Stanley Kramer,39642,"$56,700,000",8/1/1968,English,4000000,56666667,AU
Hidden Figures,UA,127 min,"Biography, Drama, History",7.8,74,Theodore Melfi,200876,"$169,607,287",2/16/2017,English,25000000,230677636,AU
Hot Fuzz,UA,121 min,"Action, Comedy, Mystery",7.8,81,Edgar Wright,463466,"$23,637,265",5/20/2007,English,16000000,80976736,AU
How To Train Your Dragon 2,U,102 min,"Animation, Action, Adventure",7.8,76,Dean DeBlois,305611,"$177,002,924",6/9/2014,English,145000000,614586270,AU
Kramer Vs. Kramer,A,105 min,Drama,7.8,77,Robert Benton,133351,"$106,260,000",3/13/1980,English,8000000,106260000,AU
Kubo And The Two Strings,PG,101 min,"Animation, Action, Adventure",7.8,84,Travis Knight,118035,"$48,023,088",8/18/2016,English,55000000,77548122,AU
Little Miss Sunshine,UA,101 min,"Comedy, Drama",7.8,80,Jonathan Dayton,439856,"$59,891,098",10/12/2006,English,8000000,100642353,AU
Little Women,U,135 min,"Drama, Romance",7.8,91,Greta Gerwig,143250,"$108,101,214",1/1/2020,English,42000000,218838386,AU
Loving Vincent,UA,94 min,"Animation, Biography, Crime",7.8,62,Dorota Kobiela,50778,"$6,735,118",8/2/2017,English,5500000,44071758,AU
Manchester By The Sea,UA,137 min,Drama,7.8,96,Kenneth Lonergan,246963,"$47,695,120",2/2/2017,English,8500000,77733867,AU
Mary Poppins,U,139 min,"Comedy, Family, Fantasy",7.8,88,Robert Stevenson,158029,"$102,272,727",8/23/1965,English,6000000,102296470,AU
Midnight Cowboy,A,113 min,Drama,7.8,79,John Schlesinger,101124,"$44,785,053",7/30/1969,English,3600000,44796329,US
Misery,R,107 min,"Drama, Thriller",7.8,75,Rob Reiner,184740,"$61,276,872",3/28/1991,English,20000000,61276872,AU
Mississippi Burning,A,128 min,"Crime, Drama, History",7.8,65,Alan Parker,88214,"$34,603,943",12/8/1988,English,15000000,34604000,US
Moonrise Kingdom,A,94 min,"Comedy, Drama, Romance",7.8,84,Wes Anderson,318789,"$45,512,466",8/30/2012,English,16000000,68848446,AU
Mr. Nobody,R,141 min,"Drama, Fantasy, Romance",7.8,63,Jaco Van Dormael,216421,"$3,600",2/24/2014,English,46500000,22254,AU
My Fair Lady,U,170 min,"Drama, Family, Musical",7.8,95,George Cukor,86525,"$72,000,000",10/21/1964,English,17000000,72072607,US
Once,R,86 min,"Drama, Music, Romance",7.8,88,John Carney,110656,"$9,439,923",8/30/2007,English,150000,23151269,AU
Paddington 2,U,103 min,"Adventure, Comedy, Family",7.8,88,Paul King,61594,"$40,442,052",12/21/2017,English,40000000,227300000,AU
Predator,A,107 min,"Action, Adventure, Sci-Fi",7.8,45,John McTiernan,371387,"$59,735,548",8/20/1987,English,18000000,98267558,AU
Pride & Prejudice,PG,129 min,"Drama, Romance",7.8,82,Joe Wright,258924,"$38,405,088",10/13/2005,English,28000000,126549607,AU
Remember The Titans,U,113 min,"Biography, Drama, Sport",7.8,48,Boaz Yakin,198089,"$115,654,751",1/25/2001,English,30000000,136771683,AU
Serenity,PG-13,119 min,"Action, Adventure, Sci-Fi",7.8,74,Joss Whedon,283310,"$25,514,517",1/25/2019,English,39000000,40319440,US
Shrek,U,90 min,"Animation, Adventure, Comedy",7.8,84,Andrew Adamson,613941,"$267,665,011",6/21/2001,English,50000000,491812794,AU
Sound Of Metal,R,120 min,"Drama, Music",7.8,81,Darius Marder,27187,"$90,485,605",4/8/2021,English,5400000,516819,AU
Stagecoach,Passed,96 min,"Adventure, Drama, Western",7.8,93,John Ford,43621,"$90,485,605",3/3/1939,English,531374,1103757,US
Straight Outta Compton,R,147 min,"Biography, Drama, History",7.8,72,F. Gary Gray,179264,"$161,197,785",8/27/2015,English,28000000,202182981,AU
Taken,A,90 min,"Action, Thriller",7.8,51,Pierre Morel,564791,"$145,000,989",8/14/2008,English,25000000,226941585,AU
The Big Short,A,130 min,"Biography, Comedy, Drama",7.8,81,Adam McKay,362942,"$70,259,870",1/14/2016,English,28000000,133162752,AU
The Boondock Saints,R,108 min,"Action, Crime, Thriller",7.8,44,Troy Duffy,227143,"$25,812",1/22/2000,English,7000000,411874,AU
The Boy In The Striped Pyjamas,PG-13,94 min,"Drama, History, War",7.8,55,Mark Herman,190748,"$9,030,581",8/20/2008,English,12500000,44083403,AU
The Breakfast Club,UA,97 min,"Comedy, Drama",7.8,66,John Hughes,357026,"$45,875,171",8/1/1985,English,1000000,51525171,AU
The Color Purple,U,154 min,Drama,7.8,78,Steven Spielberg,78321,"$98,467,863",6/26/1986,English,15000000,94029472,AU
The Conversation,U,113 min,"Drama, Mystery, Thriller",7.8,85,Francis Ford Coppola,98611,"$4,420,000",7/19/1974,English,1600000,4574909,AU
The Count Of Monte Cristo,PG-13,131 min,"Action, Adventure, Drama",7.8,61,Kevin Reynolds,129022,"$54,234,062",1/23/2002,English,40000000,75389090,US
The Curious Case Of Benjamin Button,UA,166 min,"Drama, Fantasy, Romance",7.8,70,David Fincher,589160,"$127,509,326",12/10/2008,English,160000000,329631958,AU
The Day Of The Jackal,A,143 min,"Crime, Drama, Thriller",7.8,80,Fred Zinnemann,37445,"$16,056,255",8/1/1973,English,8650000,3.00E+11,AU
The Fighter,UA,116 min,"Biography, Drama, Sport",7.8,79,David O. Russell,340584,"$93,617,009",1/27/2011,English,11000000,129262388,AU
The Fugitive,U,130 min,"Action, Crime, Drama",7.8,87,Andrew Davis,267684,"$183,875,760",9/24/1993,English,44000000,353715317,AU
The Game,UA,129 min,"Action, Drama, Mystery",7.8,61,David Fincher,345096,"$48,323,648",10/2/1997,English,50000000,80369970,AU
The Gentlemen,A,113 min,"Action, Comedy, Crime",7.8,51,Guy Ritchie,237392,"$90,485,605",1/1/2020,English,22000000,113152222,AU
The Girl With The Dragon Tattoo,R,158 min,"Crime, Drama, Mystery",7.8,71,David Fincher,423010,"$102,515,793",1/12/2012,English,90000000,239373970,AU
The Goonies,U,114 min,"Adventure, Comedy, Family",7.8,62,Richard Donner,244430,"$61,503,218",12/12/1985,English,19000000,61389680,AU
The Hateful Eight,A,168 min,"Crime, Drama, Mystery",7.8,68,Quentin Tarantino,517059,"$54,117,416",1/8/2016,English,62000000,151813358,AU
The Hobbit: An Unexpected Journey,UA,169 min,"Adventure, Fantasy",7.8,58,Peter Jackson,757377,"$303,003,568",12/26/2012,English,200000000,1014938545,AU
The Hobbit: The Desolation Of Smaug,UA,161 min,"Adventure, Fantasy",7.8,66,Peter Jackson,601408,"$258,366,855",12/26/2013,English,250000000,959358436,AU
The Innocents,A,100 min,Horror,7.8,88,Jack Clayton,27007,"$2,616,000",5/19/2022,Norwegian,3400000,214883443.8,AU
The Killing Fields,UA,141 min,"Biography, Drama, History",7.8,76,Roland Joff茅,51585,"$34,700,291",2/13/1985,English,16000000,34609720,AU
The King Of Comedy,U,109 min,"Comedy, Crime, Drama",7.8,73,Martin Scorsese,88511,"$2,500,000",2/18/1983,English,20000000,2536000,US
The Lady Vanishes,N/A,96 min,"Mystery, Thriller",7.8,98,Alfred Hitchcock,47400,"$90,485,605",10/7/1938,English,132000000,563756432.6,GB
The Longest Day,G,178 min,"Action, Drama, History",7.8,75,Ken Annakin,52141,"$39,100,000",10/4/1962,English,10000000,50100000,US
The Notebook,A,123 min,"Drama, Romance",7.8,53,Nick Cassavetes,520284,"$81,001,787",10/14/2004,English,30000000,115937163,AU
The Outlaw Josey Wales,A,135 min,Western,7.8,69,Clint Eastwood,65659,"$31,800,000",7/14/1976,English,3700000,31800000,US
The Remains Of The Day,U,134 min,"Drama, Romance",7.8,84,James Ivory,66065,"$22,954,968",11/19/1993,English,15000000,63954968,US
The Right Stuff,PG,193 min,"Adventure, Biography, Drama",7.8,91,Philip Kaufman,56235,"$21,500,000",2/1/1984,English,27000000,21500213,AU
The Sandlot,U,101 min,"Comedy, Drama, Family",7.8,55,David Mickey Evans,78963,"$32,416,586",4/7/1993,English,7000000,34348444,US
The Trial Of The Chicago 7,R,129 min,"Drama, History, Thriller",7.8,77,Aaron Sorkin,89896,"$90,485,605",10/16/2020,English,35000000,116473,AU
The World'S Fastest Indian,U,127 min,"Biography, Drama, Sport",7.8,68,Roger Donaldson,51980,"$5,128,124",12/12/2005,English,25000000,18991288,AU
Titanic,UA,194 min,"Drama, Romance",7.8,75,James Cameron,1046089,"$659,325,379",12/18/1997,English,200000000,2222985568,AU
Tombstone,R,130 min,"Action, Biography, Drama",7.8,50,George P. Cosmatos,126871,"$56,505,065",2/16/1994,English,25000000,56505065,AU
Toy Story 4,U,100 min,"Animation, Adventure, Comedy",7.8,84,Josh Cooley,203177,"$434,038,008",6/19/2019,English,200000000,1073064540,AU
Waking Life,R,99 min,"Animation, Drama, Fantasy",7.8,83,Richard Linklater,60684,"$2,892,011",10/19/2001,English,3184561.8,3176880,US
Walk The Line,PG-13,136 min,"Biography, Drama, Music",7.8,72,James Mangold,234207,"$119,519,402",2/2/2006,English,29000000,187707495,AU
What'S Eating Gilbert Grape,U,118 min,Drama,7.8,73,Lasse Hallstr枚m,215034,"$9,170,214",6/26/1994,English,11000000,9170214,AU
Willy Wonka & The Chocolate Factory,U,100 min,"Family, Fantasy, Musical",7.8,67,Mel Stuart,178731,"$4,000,000",12/9/1971,English,3000000,4065791,AU
All The President'S Men,U,138 min,"Biography, Drama, History",7.9,84,Alan J. Pakula,103031,"$70,600,000",6/9/1976,English,8500000,70600000,AU
Almost Famous,A,122 min,"Adventure, Comedy, Drama",7.9,90,Cameron Crowe,252586,"$32,534,850",2/22/2001,English,60000000,47371191,AU
Amour,UA,127 min,"Drama, Romance",7.9,94,Michael Haneke,93090,"$6,739,492",10/31/2012,French,"$9,700,000.00 ",36787044,AU
Arrival,UA,116 min,"Drama, Sci-Fi",7.9,81,Denis Villeneuve,594181,"$100,546,139",11/10/2016,English,"$47,000,000.00 ",202754970,AU
Boyhood,A,165 min,Drama,7.9,100,Richard Linklater,335533,"$25,379,975",9/4/2014,English,4000000,"$57,273,049.00 ",AU
Brazil,U,132 min,"Drama, Sci-Fi",7.9,84,Terry Gilliam,187567,"$9,929,135",9/12/1985,English,"$15,000,000.00 ",9934484,AU
Call Me By Your Name,UA,132 min,"Drama, Romance",7.9,93,Luca Guadagnino,212651,"$18,095,701",12/26/2017,English,"$3,500,000.00 ",41649462,AU
Captain Fantastic,R,118 min,"Comedy, Drama",7.9,72,Matt Ross,189400,"$5,875,006",9/8/2016,English,5000000,21340234,AU
Carlito'S Way,A,144 min,"Crime, Drama, Thriller",7.9,65,Brian De Palma,201000,"$36,948,322",3/9/1994,English,30000000,63848322,AU
Charade,U,113 min,"Comedy, Mystery, Romance",7.9,83,Stanley Donen,68689,"$13,474,588",12/5/1963,English,4000000,13475000,US
Children Of Men,A,109 min,"Adventure, Drama, Sci-Fi",7.9,84,Alfonso Cuar贸n,465113,"$35,552,383",10/19/2006,English,76000000,69845011,AU
Dawn Of The Dead,A,127 min,"Action, Adventure, Horror",7.9,71,George A. Romero,111512,"$5,100,000",6/10/2004,English,28000000,103452875,AU
District 9,A,112 min,"Action, Sci-Fi, Thriller",7.9,81,Neill Blomkamp,638202,"$115,646,235",8/13/2009,English,30000000,212453431,AU
Edge Of Tomorrow,UA,113 min,"Action, Adventure, Sci-Fi",7.9,71,Doug Liman,600004,"$100,206,256",6/5/2014,English,178000000,367028980,AU
Edward Scissorhands,U,105 min,"Drama, Fantasy, Romance",7.9,74,Tim Burton,447368,"$56,362,352",1/9/1991,English,20000000,53980220,AU
Fantastic Mr. Fox,PG,87 min,"Animation, Adventure, Comedy",7.9,83,Wes Anderson,199696,"$21,002,919",1/1/2010,English,40000000,46458811,AU
Freaks,N/A,64 min,"Drama, Horror",7.9,80,Tod Browning,42117,"$90,485,605",9/13/2019,English,50648967,333593,US
Harry Potter And The Prisoner Of Azkaban,U,142 min,"Adventure, Family, Fantasy",7.9,82,Alfonso Cuar贸n,552493,"$249,358,727",6/3/2004,English,130000000,789592708,AU
High Noon,PG,85 min,"Drama, Thriller, Western",7.9,89,Fred Zinnemann,97222,"$9,450,000",4/2/2004,English,730000,8000000,AU
His Girl Friday,Passed,92 min,"Comedy, Drama, Romance",7.9,76,Howard Hawks,53667,"$296,000",1/18/1940,English,90000000,480423590.2,US
Hunt For The Wilderpeople,UA,101 min,"Adventure, Comedy, Drama",7.9,81,Taika Waititi,111483,"$5,202,582",5/26/2016,English,2500000,23900842,AU
In Bruges,R,107 min,"Comedy, Crime, Drama",7.9,67,Martin McDonagh,390334,"$7,757,130",8/25/2008,English,15000000,34527095,AU
In The Heat Of The Night,U,110 min,"Crime, Drama, Mystery",7.9,75,Norman Jewison,67804,"$24,379,978",3/1/1968,English,2000000,24407647,AU
Iron Man,UA,126 min,"Action, Adventure, Sci-Fi",7.9,79,Jon Favreau,939644,"$318,412,101",5/1/2008,English,186000000,585171547,AU
Isle Of Dogs,U,101 min,"Animation, Adventure, Comedy",7.9,82,Wes Anderson,139114,"$32,015,231",4/12/2018,English,62770198,64337744,AU
Jojo Rabbit,UA,108 min,"Comedy, Drama, War",7.9,58,Taika Waititi,297918,"$349,555",12/26/2019,English,14000000,86878073,AU
Knives Out,UA,130 min,"Comedy, Crime, Drama",7.9,82,Rian Johnson,454203,"$165,359,751",11/28/2019,English,40000000,312898746,AU
Letters From Iwo Jima,UA,141 min,"Action, Adventure, Drama",7.9,89,Clint Eastwood,154011,"$13,756,082",2/22/2007,English,13000000,67867998,AU
Life Of Pi,U,127 min,"Adventure, Drama, Fantasy",7.9,79,Ang Lee,580708,"$124,987,023",1/1/2013,English,120000000,619310368,AU
Marriage Story,U,137 min,"Comedy, Drama, Romance",7.9,94,Noah Baumbach,246644,"$2,000,000",11/6/2019,English,18000000,321463,AU
Miracle On 34Th Street,N/A,96 min,"Comedy, Drama, Family",7.9,88,George Seaton,41625,"$2,650,000",12/1/1994,English,92200000,46264384,AU
Moon,R,97 min,"Drama, Mystery, Sci-Fi",7.9,67,Duncan Jones,335152,"$5,009,677",10/8/2009,English,5000000,10676073,AU
Mystic River,A,138 min,"Crime, Drama, Mystery",7.9,84,Clint Eastwood,419420,"$90,135,191",10/29/2003,English,30000000,156822020,AU
Nightcrawler,A,117 min,"Crime, Drama, Thriller",7.9,76,Dan Gilroy,466134,"$32,381,218",11/27/2014,English,8500000,50334418,AU
Nosferatu,N/A,94 min,"Fantasy, Horror",7.9,76,F.W. Murnau,88794,"$90,485,605",10/25/2013,German,46153454.6,19054,GB
Notorious,U,102 min,"Drama, Film-Noir, Romance",7.9,100,Alfred Hitchcock,92306,"$10,464,000",3/12/2009,English,2000000,24493053,AU
Shaun Of The Dead,UA,99 min,"Comedy, Horror",7.9,76,Edgar Wright,512249,"$13,542,874",10/7/2004,English,5000000,29366946,AU
Sing Street,PG-13,106 min,"Comedy, Drama, Music",7.9,79,John Carney,85109,"$3,237,118",3/11/2016,English,4000000,13624522,AU
Spartacus,A,197 min,"Adventure, Biography, Drama",7.9,87,Stanley Kubrick,124339,"$30,000,000",4/18/2004,English,12000000,60000000,US
Star Trek,UA,127 min,"Action, Adventure, Sci-Fi",7.9,82,J.J. Abrams,577336,"$257,730,019",5/7/2009,English,140000000,386839614,AU
Strangers On A Train,A,101 min,"Crime, Film-Noir, Thriller",7.9,88,Alfred Hitchcock,123341,"$7,630,000",7/1/2020,English,1200000,7021533,AU
The Adventures Of Robin Hood,PG,102 min,"Action, Adventure, Romance",7.9,97,Michael Curtiz,47175,"$3,981,000",9/15/1938,English,2033000,3981000,AU
The Artist,U,100 min,"Comedy, Drama, Romance",7.9,89,Michel Hazanavicius,230624,"$44,671,682",12/9/2011,French,16000000,128100584,AU
The Big Sleep,Passed,114 min,"Crime, Film-Noir, Mystery",7.9,76,Howard Hawks,78796,"$6,540,000",8/23/1946,English,1600000,4900000,US
The Blues Brothers,U,133 min,"Action, Adventure, Comedy",7.9,60,John Landis,183182,"$57,229,890",10/10/1980,English,27000000,57245093,AU
The Bourne Identity,UA,119 min,"Action, Mystery, Thriller",7.9,68,Doug Liman,508771,"$121,661,683",8/22/2002,English,60000000,214357371,AU
The Fall,R,117 min,"Adventure, Drama, Fantasy",7.9,64,Tarsem Singh,107290,"$2,280,348",7/8/2011,English,30000000,3669465,AU
The Irishman,R,209 min,"Biography, Crime, Drama",7.9,94,Martin Scorsese,324720,"$7,000,000",11/6/2019,English,159000000,914706,AU
The Lost Weekend,Passed,101 min,"Drama, Film-Noir",7.9,76,Billy Wilder,33549,"$9,460,000",11/29/1945,English,1250000,11000000,US
The Man From Earth,N/A,87 min,"Drama, Fantasy, Mystery",7.9,76,Richard Schenkman,174125,"$90,485,605",9/16/2008,English,200000,58992776.8,AU
The Manchurian Candidate,PG-13,126 min,"Drama, Thriller",7.9,94,John Frankenheimer,71122,"$90,485,605",10/28/2004,English,80000000,96135872,AU
The Philadelphia Story,N/A,112 min,"Comedy, Romance",7.9,96,George Cukor,63550,"$90,485,605",12/5/1940,English,105800000,667037174.8,US
The Searchers,Passed,119 min,"Adventure, Drama, Western",7.9,94,John Ford,80316,"$90,485,605",5/26/1956,English,3750000,6216423.4,US
The Untouchables,A,119 min,"Crime, Drama, Thriller",7.9,79,Brian De Palma,281842,"$76,270,454",9/3/1987,English,25000000,76271995,AU
The Wild Bunch,A,145 min,"Action, Adventure, Western",7.9,97,Sam Peckinpah,77401,"$12,064,472",11/28/1969,English,6000000,509424,AU
The Wrestler,UA,109 min,"Drama, Sport",7.9,80,Darren Aronofsky,289415,"$26,236,603",1/9/2009,English,6000000,46634275,AU
This Is Spinal Tap,R,82 min,"Comedy, Music",7.9,92,Rob Reiner,128812,"$188,751",3/27/1985,English,2500000,4736202,AU
Thor: Ragnarok,UA,130 min,"Action, Adventure, Comedy",7.9,74,Taika Waititi,587775,"$315,058,289",10/26/2017,English,180000000,850482778,AU
Toy Story 2,U,92 min,"Animation, Adventure, Comedy",7.9,88,John Lasseter,527512,"$245,852,179",12/2/1999,English,90000000,511358276,AU
True Romance,R,119 min,"Crime, Drama, Romance",7.9,59,Tony Scott,206918,"$12,281,500",11/29/1993,English,12500000,12643293,AU
X-Men: Days Of Future Past,UA,132 min,"Action, Adventure, Sci-Fi",7.9,75,Bryan Singer,659763,"$233,921,534",5/22/2014,English,200000000,747862775,AU
A Streetcar Named Desire,A,122 min,Drama,8.0,97,Elia Kazan,99182,"$8,000,000",9/18/1951,English,1800000,"$8,006,845.00 ",US
Aladdin,U,90 min,"Animation, Adventure, Comedy",8.0,86,Ron Clements,373845,"$217,350,219",6/3/1993,English,28000000,504050219,AU
All Quiet On The Western Front,U,152 min,"Drama, War",8.0,91,Lewis Milestone,57318,"$3,270,000",10/13/2022,German,20000000,326479707.4,AU
Annie Hall,A,93 min,"Comedy, Romance",8.0,92,Woody Allen,251823,"$39,200,000",4/20/1977,English,4000000,38252270,US
Beauty And The Beast,G,84 min,"Animation, Family, Fantasy",8.0,95,Gary Trousdale,417178,"$218,967,620",6/11/1992,English,160000000,1268697483,AU
Big Fish,U,125 min,"Adventure, Drama, Fantasy",8.0,58,Tim Burton,415218,"$66,257,002",2/5/2004,English,70000000,123954323,AU
Black Swan,A,108 min,"Drama, Thriller",8.0,79,Darren Aronofsky,699673,"$106,954,678",1/20/2011,English,13000000,331266710,AU
Blade Runner 2049,UA,164 min,"Action, Drama, Mystery",8.0,81,Denis Villeneuve,461823,"$92,054,159",10/5/2017,English,185000000,258829058,AU
Blood Diamond,A,143 min,"Adventure, Drama, Thriller",8.0,64,Edward Zwick,499439,"$57,366,262",1/4/2007,English,100000000,171377916,AU
Bohemian Rhapsody,UA,134 min,"Biography, Drama, Music",8.0,49,Bryan Singer,450349,"$216,428,042",11/1/2018,English,55000000,882205260,AU
Bound By Honor,R,180 min,"Crime, Drama",8.0,47,Taylor Hackford,28825,"$4,496,583",2/5/1993,English,35000000,4496583,US
Brief Encounter,U,86 min,"Drama, Romance",8.0,92,David Lean,35601,"$90,485,605",11/24/1945,English,"$108,000,000.00 ",973912359,AU
Butch Cassidy And The Sundance Kid,PG,110 min,"Biography, Crime, Drama",8.0,66,George Roy Hill,201888,"$102,308,889",3/5/1970,English,6000000,102311313,AU
Casino Royale,PG-13,144 min,"Action, Adventure, Thriller",8.0,80,Martin Campbell,582239,"$167,445,960",12/7/2006,English,102000000,594420216,AU
Cat On A Hot Tin Roof,A,108 min,Drama,8.0,84,Richard Brooks,45062,"$17,570,324",8/29/1958,English,3000000,"$17,570,324.00 ",US
Cinderella Man,UA,144 min,"Biography, Drama, History",8.0,69,Ron Howard,176151,"$61,649,911",9/25/2005,English,88000000,105021488,AU
Dallas Buyers Club,R,117 min,"Biography, Drama",8.0,80,Jean-Marc Vall茅e,441614,"$27,298,285",2/13/2014,English,5000000,60611845,AU
Dancer In The Dark,U,140 min,"Crime, Drama, Musical",8.0,61,Lars von Trier,102285,"$4,184,036",5/28/2001,English,12500000,45556774,AU
Dances With Wolves,U,181 min,"Adventure, Drama, Western",8.0,72,Kevin Costner,240266,"$184,208,848",2/14/1991,English,19000000,424208805,AU
Deadpool,R,108 min,"Action, Adventure, Comedy",8.0,65,Tim Miller,902669,"$363,070,709",2/11/2016,English,58000000,781947691,AU
Do The Right Thing,R,120 min,"Comedy, Drama",8.0,93,Spike Lee,89429,"$27,545,445",12/14/1989,English,6000000,26051502,AU
Doctor Zhivago,A,197 min,"Drama, Romance, War",8.0,69,David Lean,69903,"$111,722,000",5/5/1966,English,"$11,000,000.00 ",112040388,AU
Dog Day Afternoon,U,125 min,"Biography, Crime, Drama",8.0,86,Sidney Lumet,235652,"$50,000,000",12/18/1975,English,1800000,46665856,AU
Dogville,R,178 min,"Crime, Drama",8.0,60,Lars von Trier,137963,"$1,530,386",2/13/2004,English,10000000,16680836,GB
Donnie Darko,R,113 min,"Drama, Mystery, Sci-Fi",8.0,88,Richard Kelly,740086,"$1,480,006",10/16/2002,English,4500000,7510154,AU
Fiddler On The Roof,G,181 min,"Drama, Family, Musical",8.0,67,Norman Jewison,39491,"$80,500,000",11/11/1971,English,9000000,80501127,AU
Gandhi,U,191 min,"Biography, Drama, History",8.0,79,Richard Attenborough,217664,"$52,767,889",12/1/1982,English,22000000,127767889,AU
Groundhog Day,U,101 min,"Comedy, Fantasy, Romance",8.0,72,Harold Ramis,577991,"$70,906,973",2/25/1993,English,14600000,71112677,AU
Guardians Of The Galaxy,UA,121 min,"Action, Adventure, Comedy",8.0,76,James Gunn,1043455,"$333,176,600",8/7/2014,English,170000000,770882395,AU
Jaws,A,124 min,"Adventure, Thriller",8.0,87,Steven Spielberg,543388,"$260,000,000",11/26/1975,English,12000000,482947378,AU
Jfk,UA,189 min,"Drama, History, Thriller",8.0,72,Oliver Stone,142110,"$70,405,498",1/23/1992,English,40000000,205400000,AU
Kagemusha,U,180 min,"Drama, History, War",8.0,84,Akira Kurosawa,32195,"$90,485,605",4/26/1980,Japanese,6000000,4000000,JP
Kill Bill: Vol. 2,A,137 min,"Action, Crime, Thriller",8.0,83,Quentin Tarantino,683900,"$66,208,183",4/22/2004,English,30000000,152159461,AU
Knockin' On Heaven'S Door,N/A,87 min,"Action, Crime, Comedy",8.0,76,Thomas Jahn,27721,"$3,296",2/20/1997,German,124200000,790948055.8,DE
La Dolce Vita,A,174 min,"Comedy, Drama",8.0,95,Federico Fellini,66621,"$19,516,000",8/24/1960,Italian,961023.8,19647000,AU
La La Land,A,128 min,"Comedy, Drama, Music",8.0,94,Damien Chazelle,505918,"$151,101,803",11/29/2016,English,20000000,437459811,AU
Lion,U,118 min,"Biography, Drama",8.0,69,Garth Davis,213970,"$51,739,495",1/19/2017,English,12000000,149117900,AU
Magnolia,R,188 min,Drama,8.0,77,Paul Thomas Anderson,289742,"$22,455,976",12/17/1999,English,37000000,48446802,US
My Name Is Khan,UA,165 min,Drama,8.0,50,Karan Johar,98575,"$4,018,695",2/10/2010,Hindi,12000000,42345360,IN
Out Of The Past,N/A,97 min,"Crime, Drama, Film-Noir",8.0,76,Jacques Tourneur,32784,"$90,485,605",11/25/1947,English,113800000,721102572.4,US
Papillon,R,151 min,"Biography, Crime, Drama",8.0,58,Franklin J. Schaffner,121627,"$53,267,000",8/24/2018,English,13500000,53292989,US
Persepolis,PG-13,96 min,"Animation, Biography, Drama",8.0,90,Vincent Paronnaud,88656,"$4,445,756",6/27/2007,French,7300000,25397187,FR
Pirates Of The Caribbean: The Curse Of The Black Pearl,UA,143 min,"Action, Adventure, Fantasy",8.0,63,Gore Verbinski,1015122,"$305,413,918",9/11/2003,English,140000000,655011224,AU
Planet Of The Apes,U,112 min,"Adventure, Sci-Fi",8.0,79,Franklin J. Schaffner,165167,"$33,395,426",8/9/2001,English,100000000,362211740,AU
Rain Man,U,133 min,Drama,8.0,65,Barry Levinson,473064,"$178,800,000",2/23/1989,English,25000000,412800000,AU
Ratatouille,U,111 min,"Animation, Adventure, Comedy",8.0,96,Brad Bird,641645,"$206,445,654",9/6/2007,English,150000000,626549695,AU
Rio Bravo,Passed,141 min,"Action, Drama, Western",8.0,93,Howard Hawks,56305,"$12,535,000",3/17/1959,English,29521149.2,5800000,US
Roman Holiday,N/A,118 min,"Comedy, Romance",8.0,78,William Wyler,127256,"$90,485,605",9/2/1953,English,1500000,12000000,AU
Rope,A,80 min,"Crime, Drama, Mystery",8.0,73,Alfred Hitchcock,129783,"$90,485,605",2/1/1984,English,1500000,2200000,AU
Rosemary'S Baby,A,137 min,"Drama, Horror",8.0,96,Roman Polanski,193674,"$90,485,605",6/12/1968,English,3200000,33396740,US
Scent Of A Woman,UA,156 min,Drama,8.0,59,Martin Brest,263918,"$63,895,607",3/11/1993,English,31000000,134095253,AU
Sin City,A,124 min,"Crime, Thriller",8.0,74,Frank Miller,738512,"$74,103,820",7/14/2005,English,40000000,158527918,AU
Slumdog Millionaire,UA,120 min,"Drama, Romance",8.0,84,Danny Boyle,798882,"$141,319,928",12/11/2008,English,14000000,383825427,AU
The Avengers,UA,143 min,"Action, Adventure, Sci-Fi",8.0,69,Joss Whedon,1260806,"$623,279,547",4/25/2012,English,225000000,1515100211,AU
The Bourne Ultimatum,UA,115 min,"Action, Mystery, Thriller",8.0,85,Paul Greengrass,604694,"$227,471,070",8/17/2007,English,130000000,444043396,AU
The Exorcist,A,122 min,Horror,8.0,81,William Friedkin,362393,"$232,906,145",11/2/2022,"Spanish, Castilian",12000000,428214478,MX
The Graduate,A,106 min,"Comedy, Drama, Romance",8.0,83,Mike Nichols,253676,"$104,945,305",8/22/1968,English,3000000,104945305,AU
The Grapes Of Wrath,Passed,129 min,"Drama, History",8.0,96,John Ford,85559,"$55,000",5/22/1940,English,800000,1591000,AU
The Help,UA,146 min,Drama,8.0,62,Tate Taylor,428521,"$169,708,112",9/1/2011,English,25000000,213120004,AU
The Imitation Game,UA,114 min,"Biography, Drama, Thriller",8.0,73,Morten Tyldum,685201,"$91,125,683",12/19/2014,English,15000000,227328585,AU
The Incredibles,U,115 min,"Animation, Action, Adventure",8.0,90,Brad Bird,657047,"$261,441,092",12/26/2004,English,92000000,631441092,AU
The Iron Giant,PG,86 min,"Animation, Action, Adventure",8.0,85,Brad Bird,172083,"$23,159,305",4/6/2000,English,50000000,31333917,AU
The Killing,Approved,84 min,"Crime, Drama, Film-Noir",8.0,91,Stanley Kubrick,81702,"$90,485,605",4/30/2013,English,320000,58394717.4,AU
The King'S Speech,U,118 min,"Biography, Drama, History",8.0,88,Tom Hooper,639603,"$138,797,449",12/23/2010,English,15000000,414211549,AU
The Maltese Falcon,N/A,100 min,"Film-Noir, Mystery",8.0,96,John Huston,148928,"$2,108,060",5/7/1943,English,375000,1772000,AU
The Martian,UA,144 min,"Adventure, Drama, Sci-Fi",8.0,80,Ridley Scott,760094,"$228,433,663",9/30/2015,English,108000000,653609107,AU
The Nightmare Before Christmas,U,76 min,"Animation, Family, Fantasy",8.0,82,Henry Selick,300208,"$75,082,668",11/10/1994,English,24000000,75634409,AU
The Perks Of Being A Wallflower,UA,103 min,"Drama, Romance",8.0,67,Stephen Chbosky,462252,"$17,738,570",11/29/2012,English,13000000,33069303,AU
The Princess Bride,U,98 min,"Adventure, Family, Fantasy",8.0,77,Rob Reiner,393899,"$30,857,814",1/15/1988,English,15000000,31046220,AU
The Pursuit Of Happyness,U,117 min,"Biography, Drama",8.0,64,Gabriele Muccino,448930,"$163,566,459",1/11/2007,English,55000000,307311093,AU
The Revenant,A,156 min,"Action, Adventure, Drama",8.0,76,Alejandro G. I帽谩rritu,705589,"$183,637,894",1/7/2016,English,135000000,532938302,AU
The Sound Of Music,U,172 min,"Biography, Drama, Family",8.0,63,Robert Wise,205425,"$163,214,286",5/29/1965,English,8200000,286213504,AU
The Terminator,UA,107 min,"Action, Sci-Fi",8.0,84,James Cameron,799795,"$38,400,000",12/20/1984,English,6400000,78019031,AU
The Wizard Of Oz,U,102 min,"Adventure, Family, Fantasy",8.0,92,Victor Fleming,371379,"$2,076,020",4/18/1940,English,2777000,34949482,AU
Togo,U,113 min,"Adventure, Biography, Drama",8.0,69,Ericson Core,37556,"$90,485,605",12/20/2019,English,117740000,762058691.2,US
Touch Of Evil,PG-13,95 min,"Crime, Drama, Film-Noir",8.0,99,Orson Welles,98431,"$2,237,659",3/30/1958,English,829000,2247500,US
Twelve Monkeys,A,129 min,"Mystery, Sci-Fi, Thriller",8.0,74,Terry Gilliam,578443,"$57,141,459",3/14/1996,English,29000000,168841459,AU
Wonder,U,113 min,"Drama, Family",8.0,66,Stephen Chbosky,141923,"$132,422,809",11/30/2017,English,20000000,310824596,AU
Young Frankenstein,A,106 min,Comedy,8.0,80,Mel Brooks,143359,"$86,300,000",8/28/1975,English,2800000,86300489,AU
Zootopia,U,108 min,"Animation, Adventure, Comedy",8.0,78,Byron Howard,434143,"$341,268,248",3/17/2016,English,150000000,1002462578,AU
12 Years A Slave,A,134 min,"Biography, Drama, History",8.1,96,Steve McQueen,640533,"$56,671,993",1/30/2014,English,20000000,180765061,AU
Amores Perros,A,154 min,"Drama, Thriller",8.1,83,Alejandro G. I帽谩rritu,223741,"$5,383,834",6/16/2000,"Spanish, Castilian",2000000,20883834,MX
Barry Lyndon,PG,185 min,"Adventure, Drama, History",8.1,89,Stanley Kubrick,149843,"$90,485,605",11/26/1975,English,11000000,20198512,GB
Before Sunrise,R,101 min,"Drama, Romance",8.1,77,Richard Linklater,272291,"$5,535,405",2/24/1995,English,2500000,5691852,AU
Before Sunset,R,80 min,"Drama, Romance",8.1,90,Richard Linklater,236311,"$5,820,649",8/19/2004,English,2000000,11217346,AU
Ben-Hur,U,212 min,"Adventure, Drama, History",8.1,90,William Wyler,219466,"$74,700,000",8/25/2016,English,95000000,91669648,AU
Blade Runner,UA,117 min,"Action, Sci-Fi, Thriller",8.1,84,Ridley Scott,693827,"$32,868,943",12/16/1982,English,28000000,39538663,AU
Catch Me If You Can,A,141 min,"Biography, Crime, Drama",8.1,75,Steven Spielberg,832846,"$164,615,351",1/9/2003,English,52000000,352114312,AU
Chinatown,UA,130 min,"Drama, Mystery, Thriller",8.1,92,Roman Polanski,294230,"$29,000,000",12/20/1974,English,6000000,23169837,AU
Cool Hand Luke,A,127 min,"Crime, Drama",8.1,92,Stuart Rosenberg,161984,"$16,217,773",3/29/1968,English,3200000,16217773,AU
Dead Poets Society,U,128 min,"Comedy, Drama",8.1,79,Peter Weir,425457,"$95,860,116",7/21/1989,English,16400000,239500000,AU
Dilwale Dulhania Le Jayenge,U,189 min,"Drama, Romance",8.1,76,Aditya Chopra,63516,"$90,485,605",8/7/2007,Hindi,"$13,200,000.00 ",100000000,AU
Fargo,A,98 min,"Crime, Drama, Thriller",8.1,85,Joel Coen,617444,"$24,611,975",6/14/1996,English,7000000,"$51,203,507.00 ",AU
Finding Nemo,U,100 min,"Animation, Adventure, Comedy",8.1,90,Andrew Stanton,949565,"$380,843,261",8/28/2003,English,94000000,936094852,AU
Ford V Ferrari,UA,152 min,"Action, Biography, Drama",8.1,81,James Mangold,291289,"$117,624,028",11/14/2019,English,97600000,225508210,AU
Gone Girl,A,149 min,"Drama, Mystery, Thriller",8.1,79,David Fincher,859695,"$167,767,189",10/1/2014,English,61000000,367160781,AU
Gone With The Wind,U,238 min,"Drama, History, Romance",8.1,97,Victor Fleming,290074,"$198,676,459",5/1/1940,English,3900000,390525192,AU
Gran Torino,R,116 min,Drama,8.1,72,Clint Eastwood,720450,"$148,095,302",1/12/2009,English,25000000,274543085,AU
Hachi: A Dog'S Tale,G,93 min,"Biography, Drama, Family",8.1,76,Lasse Hallstr枚m,253575,"$90,485,605",1/4/2010,English,16000000,46749646,AU
Hacksaw Ridge,A,139 min,"Biography, Drama, History",8.1,71,Mel Gibson,435928,"$67,209,615",10/7/2016,English,40000000,169023926,AU
Harry Potter And The Deathly Hallows: Part 2,UA,130 min,"Adventure, Drama, Fantasy",8.1,85,David Yates,764493,"$381,011,219",7/13/2011,English,125000000,1341511219,AU
Hotel Rwanda,PG-13,121 min,"Biography, Drama, History",8.1,79,Terry George,334320,"$23,530,892",2/24/2005,English,17500000,36520451,AU
How To Train Your Dragon,U,98 min,"Animation, Action, Adventure",8.1,75,Dean DeBlois,666773,"$217,581,231",3/25/2010,English,165000000,494870992,AU
In The Name Of The Father,UA,133 min,"Biography, Crime, Drama",8.1,84,Jim Sheridan,156842,"$25,010,410",1/13/1994,English,13000000,65796862,AU
Inside Out,U,95 min,"Animation, Adventure, Comedy",8.1,94,Pete Docter,616228,"$356,461,711",6/9/2015,English,175000000,850566343,AU
Into The Wild,R,148 min,"Adventure, Biography, Drama",8.1,73,Sean Penn,572921,"$18,354,356",9/11/2007,English,20000000,56822960,AU
It Happened One Night,Approved,105 min,"Comedy, Romance",8.1,87,Frank Capra,94016,"$4,360,000",10/8/2001,English,325000,2500000,AU
Jurassic Park,UA,127 min,"Action, Adventure, Sci-Fi",8.1,68,Steven Spielberg,867615,"$402,453,882",9/2/1993,English,63000000,1045573035,AU
Kill Bill: Vol. 1,R,111 min,"Action, Crime, Drama",8.1,69,Quentin Tarantino,1000639,"$70,099,045",10/16/2003,English,30000000,180906076,AU
La Haine,UA,98 min,"Crime, Drama",8.1,76,Mathieu Kassovitz,150345,"$309,811",2/22/1996,French,2600000,15300000,AU
Le Samoura,GP,105 min,"Crime, Drama, Mystery",8.1,76,Jean-Pierre Melville,45434,"$39,481",5/5/1994,French,25273270.6,39481,AU
Life Of Brian,R,94 min,Comedy,8.1,77,Terry Jones,367250,"$20,045,115",11/22/1979,English,4000000,20522496,AU
Logan,A,137 min,"Action, Drama, Sci-Fi",8.1,77,James Mangold,647884,"$226,277,068",3/2/2017,English,127000000,614202315,AU
Mad Max: Fury Road,UA,120 min,"Action, Adventure, Sci-Fi",8.1,90,George Miller,882316,"$154,058,340",5/14/2015,English,150000000,365769378,AU
Million Dollar Baby,UA,132 min,"Drama, Sport",8.1,86,Clint Eastwood,635975,"$100,492,203",2/3/2005,English,30000000,231928227,AU
Mommy,R,139 min,Drama,8.1,74,Xavier Dolan,50700,"$3,492,754",9/19/2014,French,4900000,17536004,CA
"Monsters, Inc.",U,92 min,"Animation, Adventure, Comedy",8.1,79,Pete Docter,815505,"$289,916,256",12/26/2001,English,115000000,560483719,AU
Network,UA,121 min,Drama,8.1,83,Sidney Lumet,144911,"$90,485,605",12/1/1976,English,3800000,23689877,AU
No Country For Old Men,R,122 min,"Crime, Drama, Thriller",8.1,91,Ethan Coen,856916,"$74,283,625",12/26/2007,English,25000000,164035753,AU
On The Waterfront,A,108 min,"Crime, Drama, Thriller",8.1,91,Elia Kazan,142107,"$9,600,000",12/14/1984,English,910000,9600000,AU
"Paris, Texas",U,145 min,Drama,8.1,78,Wim Wenders,91188,"$2,181,987",2/28/1985,English,1746964,2181987,AU
Persona,N/A,85 min,"Drama, Thriller",8.1,86,Ingmar Bergman,103191,"$90,485,605",11/6/2004,Swedish,56580000,464356257.8,AU
Pink Floyd: The Wall,UA,95 min,"Drama, Fantasy, Music",8.1,47,Alan Parker,76081,"$22,244,207",7/14/1982,English,12000000,22244207,GB
Platoon,A,120 min,"Drama, War",8.1,92,Oliver Stone,381222,"$138,530,565",3/5/1987,English,6000000,137978395,AU
Prisoners,A,153 min,"Crime, Drama, Mystery",8.1,70,Denis Villeneuve,601149,"$61,002,302",10/17/2013,English,46000000,113310547,AU
Rebecca,Approved,130 min,"Drama, Mystery, Romance",8.1,86,Alfred Hitchcock,123942,"$4,360,000",9/1/1982,English,1288000,6002370,AU
Rocky,U,120 min,"Drama, Sport",8.1,70,John G. Avildsen,518546,"$117,235,247",3/17/1977,English,1000000,225000000,AU
Room,R,118 min,"Drama, Thriller",8.1,86,Lenny Abrahamson,371538,"$14,677,674",1/15/2016,English,13000000,36316727,GB
Rush,UA,123 min,"Action, Biography, Drama",8.1,74,Ron Howard,432811,"$26,947,624",10/3/2013,English,38000000,98159204,AU
Solaris,PG,167 min,"Drama, Mystery, Sci-Fi",8.1,90,Andrei Tarkovsky,81021,"$90,485,605",3/20/1972,Russian,47000000,14970038,SU
Song Of The Sea,PG,93 min,"Animation, Adventure, Drama",8.1,85,Tomm Moore,51679,"$857,524",2/19/2015,English,16311197,857522,DK
Soul,U,100 min,"Animation, Adventure, Comedy",8.1,83,Pete Docter,159171,"$90,485,605",12/25/2020,English,150000000,136384442,AU
Spotlight,A,129 min,"Biography, Crime, Drama",8.1,93,Tom McCarthy,420316,"$45,055,776",1/28/2016,English,20000000,91902438,AU
Stand By Me,U,89 min,"Adventure, Drama",8.1,75,Rob Reiner,363401,"$52,287,414",3/19/1987,English,8000000,52287766,AU
The Big Lebowski,R,117 min,"Comedy, Crime, Sport",8.1,71,Joel Coen,732620,"$17,498,804",4/9/1998,English,15000000,46189568,AU
The Bridge On The River Kwai,PG,161 min,"Adventure, Drama, War",8.1,87,David Lean,203463,"$44,908,000",12/2/1957,English,3000000,33300000,AU
The Deer Hunter,A,183 min,"Drama, War",8.1,86,Michael Cimino,311361,"$48,979,328",2/22/1979,English,15000000,50065119,AU
The Elephant Man,UA,124 min,"Biography, Drama",8.1,78,David Lynch,220078,"$90,485,605",1/16/1981,English,5000000,26024614,AU
The General,Passed,67 min,"Action, Adventure, Comedy",8.1,76,Clyde Bruckman,81156,"$1,033,895",10/26/1984,English,750000,1000000,AU
The Grand Budapest Hotel,UA,99 min,"Adventure, Comedy, Crime",8.1,88,Wes Anderson,707630,"$59,100,318",4/10/2014,English,31000000,163503514,AU
The Man Who Shot Liberty Valance,N/A,123 min,"Drama, Western",8.1,94,John Ford,68827,"$90,485,605",4/22/1962,English,3200000,8000000,US
The Shop Around The Corner,N/A,99 min,"Comedy, Drama, Romance",8.1,96,Ernst Lubitsch,28450,"$203,300",1/12/1940,English,159800000,777587613.4,US
The Sixth Sense,A,107 min,"Drama, Mystery, Thriller",8.1,64,M. Night Shyamalan,911573,"$293,506,292",10/7/1999,English,40000000,672806292,AU
The Thing,A,109 min,"Horror, Mystery, Sci-Fi",8.1,57,John Carpenter,371271,"$13,782,838",10/13/2011,English,38000000,27573078,AU
The Third Man,Approved,104 min,"Film-Noir, Mystery, Thriller",8.1,97,Carol Reed,158731,"$449,191",3/3/1950,English,28634530.2,1226098,AU
The Truman Show,U,103 min,"Comedy, Drama",8.1,90,Peter Weir,939631,"$125,618,201",9/24/1998,English,60000000,264118201,AU
Trainspotting,A,93 min,Drama,8.1,83,Danny Boyle,634716,"$16,501,785",5/23/1996,English,3100000,71548935,AU
What Ever Happened To Baby Jane?,Passed,134 min,"Drama, Horror, Thriller",8.1,75,Robert Aldrich,50058,"$4,050,000",10/12/1962,English,980000,2935750.2,US
A Beautiful Mind,UA,135 min,"Biography, Drama",8.2,72,Ron Howard,848920,"$170,742,341",12/11/2001,English,78000000,317668058,AU
All About Eve,Passed,138 min,Drama,8.2,98,Joseph L. Mankiewicz,120539,"$10,177",7/11/1951,English,1400000,"$8,400,000.00 ",AU
Batman Begins,UA,140 min,"Action, Adventure",8.2,70,Christopher Nolan,1308302,"$206,852,432",6/16/2005,English,150000000,358858124,AU
Casino,A,178 min,"Crime, Drama",8.2,73,Martin Scorsese,466276,"$42,438,300",3/7/1996,English,52000000,110400000,AU
Dial M For Murder,A,105 min,"Crime, Thriller",8.2,75,Alfred Hitchcock,158335,"$12,562",4/20/1955,English,1400000,"$3,000,000.00 ",AU
Die Hard,A,132 min,"Action, Thriller",8.2,72,John McTiernan,793164,"$83,008,852",10/6/1988,English,28000000,139434346,AU
Green Book,UA,130 min,"Biography, Comedy, Drama",8.2,69,Peter Farrelly,377884,"$85,080,171",1/24/2019,English,23000000,319995019,AU
Heat,A,170 min,"Crime, Drama, Thriller",8.2,76,Michael Mann,577113,"$67,436,818",2/9/1996,English,60000000,"$187,436,818.00 ",AU
Indiana Jones And The Last Crusade,U,127 min,"Action, Adventure",8.2,65,Steven Spielberg,692366,"$197,171,806",6/8/1989,English,48000000,474171806,AU
Judgment At Nuremberg,A,179 min,"Drama, War",8.2,60,Stanley Kramer,69458,"$90,485,605",2/15/1985,English,3000000,10000000,AU
K.G.F: Chapter 1,UA,156 min,"Action, Drama",8.2,76,Prashanth Neel,36680,"$90,485,605",12/21/2018,Kannada,113600000,637739380,IN
Klaus,PG,96 min,"Animation, Adventure, Comedy",8.2,65,Sergio Pablos,104761,"$90,485,605",11/15/2019,English,40000000,0,AU
L.A. Confidential,A,138 min,"Crime, Drama, Mystery",8.2,90,Curtis Hanson,531967,"$64,616,940",10/30/1997,English,35000000,126204977,AU
"Lock, Stock And Two Smoking Barrels",A,107 min,"Action, Comedy, Crime",8.2,66,Guy Ritchie,535216,"$3,897,569",11/12/1998,English,1350000,28356188,AU
Monty Python And The Holy Grail,PG,91 min,"Adventure, Comedy, Fantasy",8.2,91,Terry Gilliam,500875,"$1,229,197",8/14/1975,English,400000,5028948,AU
Pan'S Labyrinth,UA,118 min,"Drama, Fantasy, War",8.2,98,Guillermo del Toro,618623,"$37,634,615",10/10/2006,"Spanish, Castilian",19000000,83258226,AU
Raging Bull,A,129 min,"Biography, Drama, Sport",8.2,89,Martin Scorsese,321860,"$23,383,987",2/26/1981,English,18000000,23415259,AU
Ran,U,162 min,"Action, Drama, War",8.2,96,Akira Kurosawa,112505,"$4,135,750",9/1/1986,Japanese,11500005,11859533,AU
Shutter Island,A,138 min,"Mystery, Thriller",8.2,63,Martin Scorsese,1129894,"$128,012,934",2/18/2010,English,80000000,299461782,AU
Some Like It Hot,U,121 min,"Comedy, Music, Romance",8.2,98,Billy Wilder,243943,"$25,000,000",10/15/1959,English,2883848,25000000,AU
Stalker,U,162 min,"Drama, Sci-Fi",8.2,76,Andrei Tarkovsky,116945,"$234,723",5/25/1979,Russian,990,80164422.8,SU
The Gold Rush,Passed,95 min,"Adventure, Comedy, Drama",8.2,76,Charles Chaplin,101053,"$5,450,000",10/1/1976,English,923000,4000000,AU
The Great Escape,U,172 min,"Adventure, Drama, History",8.2,86,John Sturges,224730,"$12,100,000",8/20/1963,English,4000000,11972799,AU
The Treasure Of The Sierra Madre,Passed,126 min,"Adventure, Drama, Western",8.2,98,John Huston,114304,"$5,014,000",1/15/1948,English,3800000,4307000,US
The Wolf Of Wall Street,A,180 min,"Biography, Crime, Drama",8.2,75,Martin Scorsese,1187498,"$116,900,694",1/22/2014,English,100000000,389816136,AU
There Will Be Blood,A,158 min,Drama,8.2,93,Paul Thomas Anderson,517359,"$40,222,514",2/4/2008,English,25000000,77208672,AU
"Three Billboards Outside Ebbing, Missouri",A,115 min,"Comedy, Crime, Drama",8.2,88,Martin McDonagh,432610,"$54,513,740",1/1/2018,English,12000000,161158351,AU
To Kill A Mockingbird,U,129 min,"Crime, Drama",8.2,88,Robert Mulligan,293811,"$90,485,605",5/31/1963,English,2000000,13129846,AU
Toy Story 3,U,103 min,"Animation, Adventure, Comedy",8.2,92,Lee Unkrich,757032,"$415,004,880",6/24/2010,English,200000000,1068879522,AU
Unforgiven,A,130 min,"Drama, Western",8.2,85,Clint Eastwood,375935,"$101,157,447",2/11/1993,English,14400000,159157447,AU
Up,U,96 min,"Animation, Adventure, Comedy",8.2,88,Pete Docter,935507,"$293,004,164",9/3/2009,English,175000000,731463377,AU
V For Vendetta,A,132 min,"Action, Drama, Sci-Fi",8.2,62,James McTeigue,1032749,"$70,511,035",3/30/2006,English,50000000,130214162,AU
Warrior,UA,140 min,"Action, Drama, Sport",8.2,71,Gavin O'Connor,435950,"$13,657,115",11/27/2011,English,25000000,24215385,AU
1917,R,119 min,"Drama, Thriller, War",8.3,78,Sam Mendes,425844,"$159,227,644",1/9/2020,English,100000000,389140440,AU
2001: A Space Odyssey,U,149 min,"Adventure, Sci-Fi",8.3,84,Stanley Kubrick,603517,"$56,954,992",5/2/1968,English,10500000,71801274,AU
A Clockwork Orange,A,136 min,"Crime, Drama, Sci-Fi",8.3,77,Stanley Kubrick,757904,"$6,207,725",2/10/1972,English,2200000,26589000,AU
Aliens,U,137 min,"Action, Adventure, Sci-Fi",8.3,84,James Cameron,652719,"$85,160,248",11/6/1986,English,17000000,183291893,AU
AmLie,U,122 min,"Comedy, Romance",8.3,69,Jean-Pierre Jeunet,703810,"$33,225,499",12/26/2001,French,10000000,173921954,AU
Amadeus,R,160 min,"Biography, Drama, History",8.3,88,Milos Forman,369007,"$51,973,029",11/1/1984,English,18000000,51973029,AU
American Beauty,UA,122 min,Drama,8.3,84,Sam Mendes,1069738,"$130,096,601",1/26/2000,English,15000000,"$356,258,047.00 ",AU
Andhadhun,UA,139 min,"Crime, Drama, Music",8.3,76,Sriram Raghavan,71875,"$1,373,943",10/5/2018,Hindi,4500000,40000000,IN
Braveheart,A,178 min,"Biography, Drama, History",8.3,68,Mel Gibson,959181,"$75,600,000",6/1/1995,English,72000000,209045244,AU
Citizen Kane,UA,119 min,"Drama, Mystery",8.3,100,Orson Welles,403351,"$1,585,634",1/23/1942,English,839727,23218000,AU
Das Boot,R,149 min,"Adventure, Drama, Thriller",8.3,86,Wolfgang Petersen,231855,"$11,487,676",10/21/1982,German,12000000,84970337,AU
Double Indemnity,Passed,107 min,"Crime, Drama, Film-Noir",8.3,95,Billy Wilder,143525,"$5,720,000",12/1/1944,English,927262,2500000,AU
Eternal Sunshine Of The Spotless Mind,UA,108 min,"Drama, Romance, Sci-Fi",8.3,89,Michel Gondry,911664,"$34,400,301",6/30/2004,English,"$20,000,000.00 ",72401378,AU
Full Metal Jacket,UA,116 min,"Drama, War",8.3,76,Stanley Kubrick,675146,"$46,357,676",12/11/1987,English,30000000,45017134,AU
Good Will Hunting,U,126 min,"Drama, Romance",8.3,70,Gus Van Sant,861606,"$138,433,435",3/12/1998,English,"$10,000,000.00 ",225925989,AU
Ikiru,N/A,143 min,Drama,8.3,76,Akira Kurosawa,68463,"$55,240",4/7/2006,Japanese,961023.8,55240,AU
Incendies,R,131 min,"Drama, Mystery, War",8.3,80,Denis Villeneuve,150023,"$6,857,096",3/3/2011,French,6800000,16017448,AU
Inglourious Basterds,A,153 min,"Adventure, Drama, War",8.3,69,Quentin Tarantino,1267869,"$120,540,719",8/19/2009,English,70000000,316802281,AU
Lawrence Of Arabia,U,228 min,"Adventure, Biography, Drama",8.3,100,David Lean,268085,"$44,824,144",1/10/1963,English,15000000,69995047,AU
Metropolis,N/A,153 min,"Drama, Sci-Fi",8.3,98,Fritz Lang,159992,"$1,236,166",5/26/2001,Japanese,15000000,1405032,JP
North By Northwest,U,136 min,"Adventure, Mystery, Thriller",8.3,98,Alfred Hitchcock,299198,"$13,275,000",11/27/1959,English,4000000,13275000,AU
Requiem For A Dream,A,102 min,Drama,8.3,68,Darren Aronofsky,766870,"$3,635,482",2/8/2001,English,4500000,7389233,AU
Reservoir Dogs,R,99 min,"Crime, Drama, Thriller",8.3,79,Quentin Tarantino,918562,"$2,832,029",7/30/1993,English,1200000,2990680,AU
Scarface,A,170 min,"Crime, Drama",8.3,65,Brian De Palma,740911,"$45,598,982",2/1/1984,English,25000000,44942821,AU
Singin' In The Rain,G,103 min,"Comedy, Musical, Romance",8.3,99,Stanley Donen,218957,"$8,819,028",12/25/1952,English,2540000,7241009,AU
Snatch,UA,104 min,"Comedy, Crime",8.3,55,Guy Ritchie,782001,"$30,328,156",11/9/2000,English,10000000,83593107,AU
Taxi Driver,A,114 min,"Crime, Drama",8.3,94,Martin Scorsese,724636,"$28,262,574",8/5/1976,English,1900000,28447834,AU
The Apartment,U,125 min,"Comedy, Drama, Romance",8.3,94,Billy Wilder,164363,"$18,600,000",8/10/2004,English,3000000,24599998,AU
The Kid,Passed,68 min,"Comedy, Drama, Family",8.3,76,Charles Chaplin,113314,"$5,450,000",7/14/2021,English,7000000,1593173,AU
The Sting,U,129 min,"Comedy, Crime, Drama",8.3,83,George Roy Hill,241513,"$159,600,000",4/5/1974,English,5500000,159616327,AU
Toy Story,U,81 min,"Animation, Adventure, Comedy",8.3,95,John Lasseter,887429,"$191,796,233",12/7/1995,English,30000000,365270951,AU
Vertigo,A,128 min,"Mystery, Romance, Thriller",8.3,100,Alfred Hitchcock,364368,"$3,200,000",9/9/2021,Korean,12001040,38139010,KR
3 Idiots,UA,170 min,"Comedy, Drama",8.4,67,Rajkumar Hirani,344445,"$6,532,908",12/24/2009,Hindi,9000000,70000000,AU
Alien,R,117 min,"Horror, Sci-Fi",8.4,89,Ridley Scott,787806,"$78,900,000",12/6/1979,English,10700000,184638105,AU
Apocalypse Now,R,147 min,"Drama, Mystery, War",8.4,94,Francis Ford Coppola,606398,"$83,471,511",11/15/1979,English,31500000,85960957,AU
Avengers: Endgame,UA,181 min,"Action, Adventure, Drama",8.4,78,Anthony Russo,809955,"$858,373,000",4/24/2019,English,400000000,2794731755,AU
Avengers: Infinity War,UA,149 min,"Action, Adventure, Sci-Fi",8.4,68,Anthony Russo,834477,"$678,815,482",4/25/2018,English,300000000,2048359754,AU
Ayla: The Daughter Of War,N/A,125 min,"Biography, Drama, History",8.4,76,Can Ulkay,34112,"$90,485,605",6/21/2018,Turkish,4172781,60006602.2,KR
Coco,U,105 min,"Animation, Adventure, Family",8.4,81,Lee Unkrich,384171,"$209,726,015",12/26/2017,English,175000000,797660271,AU
Dangal,U,161 min,"Action, Biography, Drama",8.4,76,Nitesh Tiwari,156479,"$12,391,761",12/23/2016,Hindi,9500000,305149461,IN
Django Unchained,A,165 min,"Drama, Western",8.4,81,Quentin Tarantino,1357682,"$162,805,434",1/23/2013,English,100000000,449841566,AU
Dr. Strangelove Or: How I Learned To Stop Worrying And Love The Bomb,A,95 min,Comedy,8.4,97,Stanley Kubrick,450474,"$275,902",6/12/1964,English,1800000,9523464,AU
Memento,UA,113 min,"Mystery, Thriller",8.4,80,Christopher Nolan,1125712,"$25,544,867",11/6/2000,English,5000000,39719431,AU
Once Upon A Time In America,A,229 min,"Crime, Drama",8.4,76,Sergio Leone,311365,"$5,321,508",10/4/1984,English,30000000,5576529,AU
Paths Of Glory,A,88 min,"Drama, War",8.4,90,Stanley Kubrick,178092,"$90,485,605",4/26/1958,English,935000,69530233,AU
Raiders Of The Lost Ark,A,115 min,"Action, Adventure",8.4,85,Steven Spielberg,884112,"$248,159,971",8/14/1981,English,20000000,367451914,AU
Rear Window,U,112 min,"Mystery, Thriller",8.4,100,Alfred Hitchcock,444074,"$36,764,313",6/23/1955,English,1000000,37034514,AU
Spider-Man: Into The Spider-Verse,U,117 min,"Animation, Action, Adventure",8.4,87,Bob Persichetti,375110,"$190,241,310",12/13/2018,English,90000000,375540831,AU
The Dark Knight Rises,UA,164 min,"Action, Adventure",8.4,78,Christopher Nolan,1516346,"$448,139,099",7/19/2012,English,230000000,1082228107,AU
The Great Dictator,Passed,125 min,"Comedy, Drama, War",8.4,76,Charles Chaplin,203150,"$288,475",2/7/1941,English,2000000,11000000,AU
The Lives Of Others,A,137 min,"Drama, Mystery, Thriller",8.4,89,Florian Henckel von Donnersmarck,358685,"$11,286,112",1/30/2007,German,2000000,70000000,AU
The Shining,A,146 min,"Drama, Horror",8.4,66,Stanley Kubrick,898237,"$44,017,374",11/13/1980,English,19000000,45613093,AU
Wall夥E,U,98 min,"Animation, Adventure, Family",8.4,95,Andrew Stanton,999790,"$223,808,164",9/18/2008,English,180000000,521311860,AU
Witness For The Prosecution,U,116 min,"Crime, Drama, Mystery",8.4,76,Billy Wilder,108862,"$8,175,000",12/17/1957,English,3000000,9000000,US
American History X,R,119 min,Drama,8.5,62,Tony Kaye,1034705,"$6,719,864",5/6/1999,English,10000000,"$6,719,864.00 ",AU
Back To The Future,U,116 min,"Adventure, Comedy, Sci-Fi",8.5,87,Robert Zemeckis,1058081,"$210,609,762",8/15/1985,English,19000000,385510132,AU
Casablanca,U,102 min,"Drama, Romance, War",8.5,100,Michael Curtiz,522093,"$1,024,560",12/8/1944,English,"$1,039,000.00 ",10564439,AU
City Lights,G,87 min,"Comedy, Drama, Romance",8.5,99,Charles Chaplin,167839,"$19,181",3/7/1931,English,1500000,4250000,US
Gladiator,UA,155 min,"Action, Adventure, Drama",8.5,67,Ridley Scott,1341460,"$187,705,427",5/4/2000,English,103000000,452282115,AU
Joker,A,122 min,"Crime, Drama, Thriller",8.5,59,Todd Phillips,939252,"$335,451,311",10/3/2019,English,55000000,"$1,069,121,583.00 ",AU
Modern Times,G,87 min,"Comedy, Drama, Family",8.5,96,Charles Chaplin,217881,"$163,245",2/17/1938,English,1500000,229549,AU
Once Upon A Time In The West,U,165 min,Western,8.5,80,Sergio Leone,302844,"$5,321,508",2/12/1970,Italian,5000000,5380513,AU
Psycho,A,109 min,"Horror, Mystery, Thriller",8.5,97,Alfred Hitchcock,604211,"$32,000,000",12/4/1998,English,20000000,37226218,US
Terminator 2: Judgment Day,U,137 min,"Action, Sci-Fi",8.5,75,James Cameron,995506,"$204,843,350",9/5/1991,English,100000000,515376182,AU
The Departed,A,151 min,"Crime, Drama, Thriller",8.5,85,Martin Scorsese,1189773,"$132,384,315",10/6/2006,English,90000000,289660619,AU
The Intouchables,UA,112 min,"Biography, Comedy, Drama",8.5,57,Olivier Nakache,760360,"$13,182,281",5/18/2012,French,13000000,426588510,AU
The Lion King,U,88 min,"Animation, Adventure, Drama",8.5,88,Roger Allers,942045,"$422,783,777",8/25/1994,English,260000000,1647733638,AU
The Pianist,R,150 min,"Biography, Drama, Music",8.5,85,Roman Polanski,729603,"$32,572,577",12/11/2002,English,35000000,111854182,AU
The Prestige,U,130 min,"Drama, Mystery, Sci-Fi",8.5,66,Christopher Nolan,1190259,"$53,089,891",11/16/2006,English,40000000,104407366,AU
The Usual Suspects,A,106 min,"Crime, Mystery, Thriller",8.5,77,Bryan Singer,991208,"$23,341,568",9/13/1995,English,6000000,34449356,AU
Whiplash,A,106 min,"Drama, Music",8.5,88,Damien Chazelle,717585,"$13,092,000",10/22/2014,English,3300000,39123993,AU
Hamilton,PG-13,160 min,"Biography, Drama, History",8.6,90,Thomas Kail,55291,"$90,485,605",7/3/2020,English,200000000,884648431.4,AU
Interstellar,UA,169 min,"Adventure, Drama, Sci-Fi",8.6,74,Christopher Nolan,1512360,"$188,020,017",11/6/2014,English,165000000,648082655,AU
It'S A Wonderful Life,PG,130 min,"Drama, Family, Fantasy",8.6,89,Frank Capra,405801,"$90,485,605",2/6/1948,English,3180000,9644124,AU
Saving Private Ryan,R,169 min,"Drama, War",8.6,91,Steven Spielberg,1235804,"$216,540,909",11/19/1998,English,65000000,485035085,AU
Se7En,A,127 min,"Crime, Drama, Mystery",8.6,65,David Fincher,1445096,"$100,125,643",11/2/1995,English,30000000,328125643,AU
Star Wars,UA,121 min,"Action, Adventure, Fantasy",8.6,90,George Lucas,1231473,"$322,740,140",10/26/1977,English,11000000,775398007,AU
The Green Mile,A,189 min,"Crime, Drama, Fantasy",8.6,61,Frank Darabont,1147794,"$136,801,374",2/10/2000,English,60000000,290701374,AU
The Silence Of The Lambs,A,118 min,"Crime, Drama, Thriller",8.6,85,Jonathan Demme,1270197,"$130,742,922",5/9/1991,English,20000000,275726716,AU
Goodfellas,A,146 min,"Biography, Crime, Drama",8.7,90,Martin Scorsese,1020727,"$46,836,394",9/27/1990,English,25000000,46835000,AU
One Flew Over The Cuckoo'S Nest,A,133 min,Drama,8.7,83,Milos Forman,918088,"$112,000,000",4/1/1976,English,4400000,163274115,AU
The Lord Of The Rings: The Two Towers,UA,179 min,"Action, Adventure, Drama",8.7,87,Peter Jackson,1485555,"$342,551,365",12/26/2002,English,94000000,919148764,AU
The Matrix,A,136 min,"Action, Sci-Fi",8.7,73,Lana Wachowski,1676426,"$171,479,930",4/8/1999,English,65000000,465974198,AU
Fight Club,A,139 min,Drama,8.8,66,David Fincher,1854740,"$37,030,102",11/11/1999,English,65000000,"$100,820,947.00 ",AU
Forrest Gump,UA,142 min,"Drama, Romance",8.8,82,Robert Zemeckis,1809221,"$330,252,182",11/17/1994,English,"$55,000,000.00 ",679835137,AU
Inception,UA,148 min,"Action, Adventure, Sci-Fi",8.8,74,Christopher Nolan,2067042,"$292,576,195",7/22/2010,English,160000000,728537960,AU
The Lord Of The Rings: The Fellowship Of The Ring,U,178 min,"Action, Adventure, Drama",8.8,92,Peter Jackson,1661481,"$315,544,750",12/26/2001,English,93000000,891216824,AU
Pulp Fiction,A,154 min,"Crime, Drama",8.9,94,Quentin Tarantino,1826188,"$107,928,762",11/24/1994,English,8000000,212891760,AU
Schindler'S List,A,195 min,"Biography, Drama, History",8.9,94,Steven Spielberg,1213505,"$96,898,818",2/10/1994,English,22000000,321365567,AU
The Lord Of The Rings: The Return Of The King,U,201 min,"Action, Adventure, Drama",8.9,94,Peter Jackson,1642758,"$377,845,905",12/26/2003,English,94000000,1121386981,AU
12 Angry Men,U,96 min,"Crime, Drama",9.0,96,Sidney Lumet,689845,"$4,360,000",10/10/1957,English,340000,379,AU
The Dark Knight,UA,152 min,"Action, Crime, Drama",9.0,84,Christopher Nolan,2303232,"$534,858,444",7/16/2008,English,185000000,1006234167,AU
The Godfather,A,175 min,"Crime, Drama",9.2,100,Francis Ford Coppola,1620367,"$134,966,411",11/2/1972,English,7000000,270007394,AU
The Shawshank Redemption,A,142 min,Drama,9.3,80,Frank Darabont,2343110,"$28,341,469",2/16/1995,English,25000000,28419159,AU
